studentid,target,blockid,bpl,class,clusterid,disability,districtid,freetransportfacility,genderid,medium,schcat,schmgt,schoolid,studentage,villageid,whetherhomeless,evs_attnd,evs_score,maths_attnd,maths_score,jun_agg_attnd,jul_agg_attnd,aug_agg_attnd,sep_agg_attnd,oct_agg_attnd,nov_agg_attnd,6_1,6_2,6_3,6_4,6_5,6_6,6_7,6_8,6_9,6_10,6_11,6_12,6_13,6_14,6_15,6_16,6_17,6_18,6_19,6_20,6_21,6_22,6_23,6_24,6_25,6_26,6_27,6_28,6_29,6_30,6_31,7_1,7_2,7_3,7_4,7_5,7_6,7_7,7_8,7_9,7_10,7_11,7_12,7_13,7_14,7_15,7_16,7_17,7_18,7_19,7_20,7_21,7_22,7_23,7_24,7_25,7_26,7_27,7_28,7_29,7_30,7_31,8_1,8_2,8_3,8_4,8_5,8_6,8_7,8_8,8_9,8_10,8_11,8_12,8_13,8_14,8_15,8_16,8_17,8_18,8_19,8_20,8_21,8_22,8_23,8_24,8_25,8_26,8_27,8_28,8_29,8_30,8_31,9_1,9_2,9_3,9_4,9_5,9_6,9_7,9_8,9_9,9_10,9_11,9_12,9_13,9_14,9_15,9_16,9_17,9_18,9_19,9_20,9_21,9_22,9_23,9_24,9_25,9_26,9_27,9_28,9_29,9_30,9_31,10_1,10_2,10_3,10_4,10_5,10_6,10_7,10_8,10_9,10_10,10_11,10_12,10_13,10_14,10_15,10_16,10_17,10_18,10_19,10_20,10_21,10_22,10_23,10_24,10_25,10_26,10_27,10_28,10_29,10_30,10_31,11_1,11_2,11_3,11_4,11_5,11_6,11_7,11_8,11_9,11_10,11_11,11_12,11_13,11_14,11_15,11_16,11_17,11_18,11_19,11_20,11_21,11_22,11_23,11_24,11_25,11_26,11_27,11_28,11_29,11_30,11_31,12_1,12_2,12_3,12_4,12_5,12_6,12_7,12_8,12_9,12_10,12_11,12_12,12_13,12_14,12_15,12_16,12_17,12_18,12_19,12_20,12_21,12_22,12_23,12_24,12_25,12_26,12_27,12_28,12_29,12_30,12_31,1_1,1_2,1_3,1_4,1_5,1_6,1_7,1_8,1_9,1_10,1_11,1_12,1_13,1_14,1_15,1_16,1_17,1_18,1_19,1_20,1_21,1_22,1_23,1_24,1_25,1_26,1_27,1_28,1_29,1_30,1_31,2_1,2_2,2_3,2_4,2_5,2_6,2_7,2_8,2_9,2_10,2_11,2_12,2_13,2_14,2_15,2_16,2_17,2_18,2_19,2_20,2_21,2_22,2_23,2_24,2_25,2_26,2_27,2_28,2_29,2_30,2_31,3_1,3_2,3_3,3_4,3_5,3_6,3_7,3_8,3_9,3_10,3_11,3_12,3_13,3_14,3_15,3_16,3_17,3_18,3_19,3_20,3_21,3_22,3_23,3_24,3_25,3_26,3_27,3_28,3_29,3_30,3_31,4_1,4_2,4_3,4_4,4_5,4_6,4_7,4_8,4_9,4_10,4_11,4_12,4_13,4_14,4_15,4_16,4_17,4_18,4_19,4_20,4_21,4_22,4_23,4_24,4_25,4_26,4_27,4_28,4_29,4_30,4_31
1,0,242201,2,3.0,2405040010,0,2414,0,1,3,2,5,24150503501,0.9,241907111,1,0,0.0,0,0.0,0.0,0.88,0.5,0.8,0.66,0.72,nan,nan,nan,nan,nan,nan,nan,nan,nan,nan,nan,nan,nan,nan,1,1,1,2,nan,1,1,nan,1,1,1,nan,1,nan,1,1,nan,1,2,nan,nan,nan,1,nan,1,nan,nan,2,nan,1,nan,nan,1,nan,nan,nan,1,1,1,1,nan,1,1,1,1,1,nan,nan,2,1,1,1,1,1,nan,2,nan,nan,nan,1,1,nan,nan,nan,1,1,nan,nan,nan,1,nan,1,2,nan,nan,nan,2,1,nan,0,0,5,5,2,2,1,1,2,5,5,1,1,0,0,1,5,5,1,1,1,0,0,5,5,1,1,1,0,0,nan,1,nan,nan,nan,nan,1,nan,1,nan,1,1,1,1,nan,2,nan,nan,1,nan,nan,nan,nan,nan,nan,nan,nan,nan,nan,nan,nan,nan,nan,nan,nan,nan,nan,nan,nan,nan,nan,nan,nan,2,nan,1,nan,1,1,2,1,nan,2,1,1,1,1,nan,nan,2,1,1,nan,1,1,1,nan,nan,,1,1,2,1,nan,2,1,nan,nan,1,nan,nan,2,1,1,1,1,1,nan,1,1,2,2,nan,nan,nan,1,2,1,1,nan,1,,nan,1,1,nan,1,nan,,1,,1,1,1,1,nan,2,1,1,nan,2,1,nan,1,1,1,1,1,1,nan,1,1,nan,1,1,1,nan,1,1,1,1,,nan,nan,1,1,nan,1,1,,nan,nan,nan,nan,nan,nan,nan,nan,1,nan,nan,1,nan,nan,nan,nan,,nan,,1,1,,2,1,nan,1,1,nan,1,2,,nan,nan,,1,nan,1,nan,nan,,nan,1,nan,,1,nan,nan,nan,,1,,1,,nan,1,nan,2,1,nan,nan,nan,1,,nan,1,,nan,nan
2,1,241410,2,3.0,2414070007,0,2420,0,1,3,2,5,24100203201,0.9,241709009,1,0,0.775,0,0.725,0.81,0.88,0.72,0.0,0.0,0.0,nan,nan,nan,nan,nan,nan,nan,nan,nan,nan,nan,nan,1,2,nan,nan,2,nan,nan,1,1,nan,1,2,nan,nan,1,nan,1,2,nan,2,1,nan,nan,1,nan,1,1,nan,nan,1,nan,1,nan,1,1,nan,1,1,1,1,2,1,nan,nan,1,2,1,1,2,nan,2,1,1,1,nan,nan,nan,nan,nan,2,nan,nan,nan,nan,nan,nan,1,nan,nan,nan,nan,nan,1,1,1,1,1,nan,1,2,nan,0,0,5,5,0,2,1,1,0,5,5,1,1,0,1,1,5,5,1,0,1,1,1,5,5,0,1,1,2,2,nan,nan,nan,1,nan,nan,1,1,nan,nan,1,1,1,nan,nan,1,nan,1,1,1,nan,nan,nan,nan,nan,nan,nan,nan,nan,nan,nan,nan,nan,nan,nan,nan,nan,nan,nan,nan,nan,2,1,2,nan,2,1,1,nan,1,2,nan,1,1,2,1,1,nan,nan,1,1,1,nan,nan,nan,1,nan,nan,1,1,1,1,,nan,1,1,1,1,1,,nan,1,1,1,1,1,2,nan,2,2,1,nan,1,1,,nan,nan,1,1,1,1,nan,nan,1,1,nan,2,nan,nan,1,1,2,1,nan,1,nan,1,1,1,nan,1,1,,1,,1,1,1,1,nan,1,,,2,1,1,nan,1,1,nan,1,1,nan,nan,1,2,1,nan,1,nan,nan,nan,1,nan,nan,nan,1,nan,1,,nan,1,nan,,1,nan,2,,nan,nan,2,1,1,1,,,1,nan,1,1,,nan,1,2,1,nan,1,nan,nan,nan,nan,nan,1,nan,nan,,1,,1,1,nan,,nan,,1,nan,,nan,nan,nan,,nan,,1,1,nan,nan,nan
3,0,241007,1,3.0,2422150039,0,2407,0,2,3,2,10,24021301104,0.9,240916075,0,0,0.225,0,0.275,0.0,0.0,0.0,0.68,0.91,0.0,nan,nan,nan,nan,nan,nan,nan,nan,nan,nan,nan,nan,nan,2,2,1,1,1,nan,nan,1,1,1,nan,2,nan,1,nan,2,nan,nan,nan,2,nan,1,2,nan,1,1,1,nan,2,1,nan,1,1,1,nan,1,1,1,1,nan,1,nan,2,1,nan,nan,1,nan,nan,1,1,2,1,1,1,nan,1,nan,1,nan,nan,nan,nan,nan,nan,1,nan,nan,nan,nan,nan,1,1,1,2,2,nan,1,2,nan,0,1,5,5,0,1,1,1,2,5,5,1,1,0,1,2,5,5,1,0,1,1,1,5,5,2,2,0,0,1,nan,1,nan,1,1,nan,1,nan,1,nan,1,1,nan,nan,nan,1,nan,2,nan,1,nan,nan,nan,nan,nan,nan,nan,nan,nan,nan,nan,nan,nan,nan,nan,nan,nan,nan,nan,nan,nan,1,1,1,nan,1,1,nan,1,1,1,nan,nan,2,2,1,1,1,nan,nan,1,1,nan,nan,2,1,nan,1,nan,nan,nan,1,1,nan,1,1,1,2,1,nan,nan,1,1,1,nan,nan,1,,1,nan,1,1,1,1,nan,1,1,1,1,,1,nan,1,nan,1,,1,nan,nan,1,2,1,nan,nan,1,nan,1,1,1,nan,1,1,nan,1,1,2,1,2,1,nan,1,1,1,1,2,nan,nan,1,1,1,1,,nan,nan,2,1,1,1,nan,1,nan,nan,nan,nan,nan,nan,nan,nan,1,nan,nan,nan,nan,nan,2,nan,nan,nan,nan,1,1,2,1,1,nan,2,nan,nan,1,,nan,nan,1,,nan,nan,1,nan,nan,nan,nan,,1,nan,2,nan,,1,nan,nan,nan,1,nan,2,1,,1,,nan,nan,1,2,1,2,1,1,nan,nan
4,1,240205,2,3.0,2418080002,0,2421,0,1,3,2,3,24220206014,0.8,242203050,0,1,0.0,0,0.0,0.0,0.0,0.0,0.76,0.0,0.0,nan,nan,nan,nan,nan,nan,nan,nan,nan,nan,nan,nan,2,1,1,nan,1,1,nan,1,1,nan,nan,nan,1,nan,1,1,1,1,nan,nan,1,nan,1,2,2,1,nan,nan,nan,1,nan,1,1,nan,nan,nan,1,nan,nan,1,1,1,nan,1,1,1,1,1,1,nan,nan,1,nan,1,2,1,nan,nan,nan,nan,nan,1,1,nan,nan,nan,1,nan,nan,nan,nan,2,1,2,1,1,1,nan,1,1,nan,1,1,5,5,0,1,1,1,1,5,5,1,1,0,0,2,5,5,1,2,1,1,2,5,5,1,1,1,1,0,nan,nan,nan,1,2,nan,1,1,1,nan,1,1,nan,1,1,nan,nan,1,1,1,nan,nan,nan,nan,nan,nan,nan,nan,nan,nan,nan,nan,nan,nan,nan,nan,nan,nan,nan,nan,nan,nan,1,1,nan,nan,1,2,2,1,1,nan,1,1,1,1,1,1,nan,1,1,2,nan,1,1,2,,nan,nan,1,1,1,1,nan,2,2,nan,1,1,1,nan,2,2,1,2,1,1,,1,1,1,2,1,1,nan,1,2,2,1,1,1,nan,1,,nan,nan,1,nan,nan,2,1,1,nan,1,1,nan,1,1,nan,nan,1,nan,nan,1,1,,1,1,1,,1,1,1,2,2,1,nan,1,1,1,1,1,nan,nan,1,1,1,nan,1,2,,1,nan,nan,nan,nan,nan,nan,,nan,nan,,nan,nan,nan,nan,1,nan,nan,1,1,nan,1,1,nan,1,1,nan,2,1,,nan,1,2,nan,nan,1,1,nan,nan,nan,nan,nan,,nan,nan,1,1,nan,1,,1,nan,,,nan,2,nan,,,,2,1,1,,1,nan,nan
5,1,240808,1,3.0,2408070001,0,2407,1,2,3,1,3,24071201915,0.9,242904041,1,0,0.725,0,0.4,0.37,0.61,0.63,0.96,0.0,0.83,nan,nan,nan,nan,nan,nan,nan,nan,nan,nan,nan,nan,nan,nan,1,2,1,1,nan,1,1,nan,nan,1,1,nan,nan,1,1,nan,nan,nan,1,nan,1,2,1,1,1,nan,nan,1,nan,1,2,1,2,nan,1,1,1,1,2,nan,nan,1,nan,1,1,nan,1,nan,2,1,1,1,1,nan,nan,1,nan,1,nan,nan,nan,nan,nan,nan,nan,nan,nan,nan,nan,1,1,1,1,1,nan,nan,2,1,nan,1,0,5,5,0,0,1,1,0,5,5,0,1,0,1,0,5,5,0,2,1,1,1,5,5,1,1,1,1,1,nan,2,nan,nan,2,nan,nan,1,1,nan,1,1,nan,nan,1,1,nan,1,2,nan,nan,nan,nan,nan,nan,nan,nan,nan,nan,nan,nan,nan,nan,nan,nan,nan,nan,nan,nan,nan,nan,1,1,1,nan,1,1,2,1,1,1,nan,1,1,1,1,1,1,nan,1,1,1,nan,1,nan,1,nan,nan,nan,2,2,1,nan,,1,1,1,1,1,nan,nan,1,1,1,1,1,1,nan,nan,1,1,,1,1,nan,1,nan,1,2,nan,1,nan,1,1,1,nan,2,nan,nan,1,1,1,1,1,nan,nan,1,1,1,nan,1,1,nan,1,1,1,1,1,,nan,1,1,1,nan,1,1,nan,1,1,2,1,2,nan,nan,,1,nan,nan,1,,nan,2,nan,nan,nan,nan,nan,nan,1,1,nan,nan,nan,nan,nan,nan,nan,nan,1,nan,,1,1,1,nan,1,1,nan,,2,1,nan,2,1,1,nan,nan,1,nan,nan,nan,,nan,nan,nan,nan,1,1,1,,nan,1,nan,1,nan,nan,,2,nan,nan,1,,2,2,nan,nan,nan,nan
6,0,242215,1,3.0,2407030008,0,2402,0,1,10,2,3,24330411427,0.9,241506004,2,0,0.0,0,0.0,1.0,0.92,0.45,0.72,1.0,0.38,nan,nan,nan,nan,nan,nan,nan,nan,nan,nan,nan,nan,1,2,1,nan,nan,1,nan,1,nan,2,nan,nan,1,nan,2,1,1,1,nan,1,1,nan,1,1,1,1,1,1,nan,nan,nan,nan,nan,1,2,nan,1,1,1,1,2,nan,nan,2,1,2,nan,nan,nan,nan,1,1,1,1,1,1,nan,nan,nan,nan,nan,nan,1,nan,nan,nan,nan,1,nan,nan,nan,nan,nan,2,2,1,1,nan,1,1,nan,1,1,5,5,0,1,2,1,1,5,5,1,0,0,1,2,5,5,1,0,1,2,1,5,5,1,0,1,1,1,nan,1,nan,nan,nan,nan,nan,1,1,nan,1,1,1,1,nan,nan,nan,2,1,1,nan,nan,nan,nan,nan,nan,nan,nan,nan,nan,nan,nan,nan,nan,nan,nan,nan,nan,nan,nan,nan,nan,nan,nan,nan,1,1,1,nan,1,2,nan,2,nan,2,nan,1,nan,nan,nan,1,1,nan,1,1,1,nan,1,2,1,nan,1,1,nan,1,1,1,2,1,1,nan,1,1,1,1,2,2,nan,1,1,1,nan,1,nan,nan,1,1,1,1,,1,nan,nan,1,2,nan,2,nan,nan,2,2,2,1,2,1,,1,1,2,,,2,,2,1,1,1,1,2,nan,2,1,nan,1,1,1,nan,1,2,1,1,1,nan,nan,1,1,1,1,2,nan,nan,1,nan,nan,nan,,nan,nan,1,1,,nan,nan,nan,1,1,1,nan,nan,1,1,2,1,,,1,1,nan,,2,1,nan,1,1,,nan,1,1,nan,1,nan,1,,nan,1,nan,1,2,2,nan,,1,nan,1,1,nan,,2,nan,nan,nan,1,nan,nan,nan,2,nan,
7,0,240507,1,3.0,2409150012,0,2410,0,1,3,2,5,24090501732,1.1,241405064,1,0,0.0,0,0.6,0.87,0.88,0.0,0.84,0.0,0.0,nan,nan,nan,nan,nan,nan,nan,nan,nan,nan,nan,nan,nan,2,2,2,1,1,nan,1,nan,1,1,nan,nan,nan,1,1,1,2,nan,1,1,nan,2,1,nan,nan,nan,1,nan,nan,1,2,1,2,nan,nan,nan,1,nan,1,1,1,nan,1,1,2,2,1,1,nan,1,1,1,2,nan,1,nan,1,nan,nan,nan,1,2,nan,nan,nan,1,1,nan,nan,nan,1,1,1,1,2,1,nan,nan,1,nan,1,1,5,5,0,2,0,1,0,5,5,1,1,0,2,1,5,5,1,1,1,1,0,5,5,1,2,1,1,2,nan,nan,nan,nan,nan,nan,2,1,nan,nan,1,1,nan,1,1,1,nan,1,2,nan,nan,nan,nan,nan,nan,nan,nan,nan,nan,nan,nan,nan,nan,nan,nan,nan,nan,nan,nan,nan,2,nan,1,1,nan,1,1,1,1,1,nan,nan,1,1,1,1,nan,1,nan,1,2,1,nan,1,2,1,nan,nan,,1,1,1,1,nan,1,1,1,nan,2,1,,2,nan,1,nan,1,1,,,1,,1,,1,nan,1,,1,1,2,1,nan,1,1,1,nan,1,nan,nan,1,1,1,2,1,nan,nan,1,1,2,nan,nan,1,nan,1,,2,1,1,1,,1,1,1,1,1,,nan,1,1,1,1,nan,nan,nan,1,1,1,1,1,1,nan,2,1,nan,nan,nan,,nan,1,1,nan,,,nan,2,nan,1,nan,,1,,1,1,1,nan,1,1,nan,1,1,1,nan,1,1,2,nan,nan,1,,1,nan,1,1,nan,,nan,1,1,nan,2,,1,nan,nan,1,nan,1,,nan,nan,,,1,2,nan,,nan,nan
8,0,240405,2,3.0,2409050007,0,2432,0,2,3,3,3,24110104601,0.8,241902083,1,0,0.625,0,0.0,0.87,0.0,0.0,0.64,0.58,1.0,nan,nan,nan,nan,nan,nan,nan,nan,nan,nan,nan,nan,2,2,nan,1,1,nan,nan,1,1,1,1,1,1,nan,nan,1,1,nan,nan,1,1,nan,1,nan,2,1,nan,nan,nan,nan,1,nan,nan,1,nan,nan,nan,1,nan,1,nan,nan,nan,1,1,1,1,1,1,nan,2,1,nan,nan,nan,1,nan,nan,nan,nan,nan,nan,nan,nan,nan,nan,nan,nan,nan,nan,nan,nan,2,1,nan,nan,1,nan,1,1,nan,0,1,5,5,0,1,1,1,1,5,5,2,1,2,2,1,5,5,1,1,1,1,1,5,5,2,2,1,1,0,nan,1,nan,nan,nan,nan,1,1,1,nan,nan,1,nan,1,1,1,nan,2,1,1,nan,nan,nan,nan,nan,nan,nan,nan,nan,nan,nan,nan,nan,nan,nan,nan,nan,nan,nan,nan,nan,1,1,1,nan,nan,nan,1,1,2,2,nan,1,2,1,nan,1,1,nan,nan,1,1,nan,nan,1,nan,nan,nan,1,1,1,1,2,nan,1,1,2,1,1,,nan,1,1,1,1,,,nan,2,1,nan,nan,1,1,nan,1,1,1,1,1,2,nan,1,2,2,nan,1,nan,,1,1,1,2,nan,1,nan,,1,1,nan,2,1,nan,1,1,1,nan,1,1,nan,,1,1,1,2,1,nan,1,1,1,1,nan,nan,nan,1,1,1,2,1,1,nan,nan,1,nan,nan,nan,1,nan,nan,nan,nan,nan,,nan,,nan,1,,nan,nan,1,1,,2,nan,2,,nan,1,nan,nan,nan,2,1,1,nan,1,1,,nan,nan,nan,1,nan,nan,nan,nan,nan,nan,,nan,2,nan,1,2,nan,nan,1,nan,nan,nan,1,,,1,1,nan,nan
9,1,241702,2,3.0,2417060010,0,2409,0,2,3,2,5,24221529503,0.9,242202074,1,1,0.6,0,0.0,0.87,0.92,0.54,0.0,0.0,0.11,nan,nan,nan,nan,nan,nan,nan,nan,nan,nan,nan,nan,nan,nan,1,1,1,1,nan,nan,nan,1,nan,1,1,nan,2,2,nan,nan,nan,nan,1,nan,1,1,1,1,1,nan,nan,nan,2,1,nan,1,nan,nan,1,nan,nan,1,1,1,nan,1,1,1,nan,1,1,nan,nan,1,1,1,nan,nan,nan,1,nan,2,nan,nan,1,nan,nan,nan,nan,1,nan,nan,nan,nan,2,2,1,1,1,nan,1,1,nan,0,1,5,5,0,0,1,1,1,5,5,1,2,1,1,1,5,5,1,0,1,0,1,5,5,0,1,1,2,1,nan,2,nan,nan,1,nan,nan,1,1,nan,1,1,1,nan,1,nan,nan,1,1,1,nan,nan,nan,nan,nan,nan,nan,nan,nan,nan,nan,nan,nan,nan,nan,nan,nan,nan,nan,nan,nan,nan,2,2,nan,1,1,1,nan,nan,1,nan,2,1,1,1,1,nan,nan,nan,1,nan,nan,nan,nan,nan,nan,,nan,1,,1,2,nan,1,1,nan,1,1,nan,,1,1,nan,1,1,1,nan,nan,1,1,nan,1,2,nan,1,2,1,1,1,1,,1,1,1,1,1,nan,nan,1,1,1,1,1,,nan,1,1,nan,nan,2,1,nan,1,2,1,1,1,1,nan,1,1,1,1,2,1,nan,1,1,1,1,nan,nan,nan,1,1,2,1,1,1,nan,2,2,nan,nan,nan,nan,nan,1,,,nan,,nan,,1,1,nan,1,,1,,2,1,,1,,nan,nan,1,2,nan,1,nan,1,nan,nan,1,,1,nan,nan,nan,nan,1,nan,,,nan,nan,,1,nan,nan,2,,1,2,,nan,nan,nan,1,1,nan,1,nan,nan
10,0,241007,2,3.0,2414050011,1,2404,0,2,19,2,3,24290303012,0.8,240110010,1,0,0.0,0,0.0,0.81,0.0,0.59,0.0,1.0,1.0,nan,nan,nan,nan,nan,nan,nan,nan,nan,nan,nan,nan,nan,nan,2,nan,1,1,nan,2,nan,nan,nan,1,nan,nan,2,nan,nan,nan,nan,1,1,nan,1,1,1,1,nan,1,nan,1,nan,1,1,nan,1,nan,nan,nan,1,2,1,nan,nan,1,1,1,nan,nan,2,nan,nan,nan,nan,1,1,1,nan,1,nan,2,nan,nan,1,nan,nan,nan,nan,nan,nan,nan,nan,1,1,1,1,nan,2,nan,1,1,nan,1,1,5,5,1,1,1,2,2,5,5,2,2,1,0,1,5,5,1,0,1,1,1,5,5,2,1,1,1,0,nan,1,nan,2,1,nan,1,1,1,nan,nan,nan,1,1,nan,1,nan,1,nan,1,nan,nan,nan,nan,nan,nan,nan,nan,nan,nan,nan,nan,nan,nan,nan,nan,nan,nan,nan,nan,nan,2,2,2,nan,1,1,1,1,1,2,nan,2,nan,1,1,1,1,nan,1,1,2,nan,nan,2,1,nan,nan,2,1,,nan,1,nan,1,2,1,1,nan,1,nan,nan,1,1,1,1,1,nan,1,1,1,1,1,1,nan,1,2,2,1,1,1,nan,1,1,1,nan,1,nan,nan,1,,1,,2,2,nan,1,1,1,nan,,1,nan,1,1,1,2,1,,nan,nan,nan,1,,1,1,nan,1,1,1,nan,1,nan,nan,1,nan,2,nan,1,nan,nan,1,nan,nan,nan,nan,nan,nan,,2,nan,nan,nan,,nan,nan,1,nan,1,1,1,1,1,nan,nan,1,nan,nan,nan,,1,nan,1,,1,nan,1,,nan,nan,nan,1,1,nan,1,nan,,nan,nan,nan,nan,2,nan,nan,2,nan,nan,nan,nan,nan,1,,1,nan,nan,1,nan,nan
11,1,241405,2,3.0,2407120050,0,2402,0,2,3,2,10,24121607902,0.8,242501057,1,0,0.0,0,0.575,0.0,0.88,0.59,0.6,1.0,0.0,nan,nan,nan,nan,nan,nan,nan,nan,nan,nan,nan,nan,2,1,2,1,1,1,nan,2,1,1,1,1,1,nan,nan,1,1,1,nan,nan,nan,nan,1,1,1,2,nan,nan,nan,1,2,nan,2,1,nan,nan,nan,nan,1,1,1,1,nan,1,1,1,1,nan,nan,nan,1,1,1,1,nan,1,nan,1,nan,2,nan,2,1,nan,nan,nan,nan,nan,nan,nan,nan,nan,1,nan,1,1,1,nan,1,1,nan,2,0,5,5,0,1,1,0,1,5,5,1,1,0,0,1,5,5,2,2,1,0,1,5,5,1,2,2,2,0,nan,1,nan,nan,nan,nan,1,1,1,nan,1,1,1,1,1,2,nan,1,2,1,nan,nan,nan,nan,nan,nan,nan,nan,nan,nan,nan,nan,nan,nan,nan,nan,nan,nan,nan,nan,nan,1,1,2,nan,1,1,1,2,1,1,nan,1,1,1,nan,2,1,nan,1,1,1,nan,1,1,1,nan,nan,2,nan,1,1,1,nan,1,1,1,1,1,,nan,1,,2,1,1,1,nan,1,1,1,1,1,,nan,1,1,1,nan,nan,nan,nan,nan,1,1,1,nan,nan,nan,1,2,1,1,1,,nan,1,1,1,nan,2,1,,1,2,1,1,nan,1,nan,1,2,1,nan,2,1,nan,1,1,nan,2,nan,nan,nan,nan,,,nan,1,1,nan,1,1,nan,nan,nan,nan,nan,,1,nan,1,nan,nan,1,nan,1,nan,1,1,1,nan,nan,nan,nan,nan,nan,nan,nan,nan,1,nan,1,1,1,nan,1,nan,nan,nan,nan,1,nan,nan,nan,nan,1,1,nan,nan,nan,1,nan,1,2,,nan,1,nan,,2,,1,1,nan,1,nan,nan
12,0,243304,2,3.0,2409130002,0,2433,0,2,3,2,3,24191300625,0.9,242215298,1,0,0.75,0,0.375,0.0,0.92,0.72,0.0,0.0,0.83,nan,nan,nan,nan,nan,nan,nan,nan,nan,nan,nan,nan,nan,1,nan,nan,1,1,nan,2,nan,nan,nan,1,nan,nan,1,nan,1,2,nan,2,1,nan,1,2,nan,1,1,1,nan,nan,2,nan,1,nan,nan,nan,1,nan,1,1,2,1,nan,2,2,2,2,1,nan,nan,nan,1,nan,1,nan,2,nan,nan,nan,1,nan,nan,nan,nan,nan,nan,2,nan,nan,nan,nan,1,1,2,2,1,nan,nan,1,1,nan,0,2,5,5,0,0,1,1,2,5,5,1,0,0,1,2,5,5,1,0,1,1,1,5,5,1,0,1,0,1,nan,2,nan,nan,nan,nan,nan,1,nan,nan,1,1,1,1,nan,nan,nan,1,2,1,nan,nan,nan,nan,nan,nan,nan,nan,nan,nan,nan,1,nan,nan,nan,1,nan,nan,nan,nan,nan,1,2,2,nan,1,1,1,1,2,nan,nan,1,1,nan,1,1,1,nan,nan,nan,1,nan,nan,2,2,nan,nan,1,2,nan,1,2,nan,1,1,1,1,1,1,nan,1,1,1,nan,1,1,,1,nan,nan,nan,1,1,nan,2,nan,1,1,1,1,nan,1,1,1,nan,1,nan,nan,,1,1,1,,2,nan,1,2,nan,nan,nan,1,nan,1,2,1,2,1,1,nan,1,1,1,1,1,1,nan,1,1,nan,1,nan,nan,nan,2,,2,nan,,1,nan,,nan,nan,nan,nan,2,1,1,nan,nan,nan,,nan,1,nan,1,nan,nan,1,1,,,nan,,1,1,nan,2,,1,,,1,,nan,1,nan,,,nan,,,nan,1,nan,nan,nan,2,nan,,1,nan,2,2,nan,,1,nan,nan,1,1,1,1,1,nan,,nan
13,1,241405,1,3.0,2409150012,0,2402,0,2,3,2,3,24010704801,0.8,240602017,1,0,0.625,0,0.0,0.93,0.73,0.4,0.0,0.0,0.72,nan,nan,nan,nan,nan,nan,nan,nan,nan,nan,nan,nan,1,1,1,2,1,1,nan,1,1,1,1,1,1,nan,nan,2,1,nan,nan,1,nan,nan,1,1,nan,1,1,2,nan,1,1,1,nan,1,1,nan,2,1,1,1,1,1,nan,1,1,2,1,1,1,nan,1,1,1,nan,1,2,nan,1,1,1,nan,2,1,nan,nan,nan,nan,nan,nan,nan,nan,1,nan,1,2,1,nan,nan,1,nan,nan,1,0,5,5,0,2,1,1,1,5,5,1,1,0,1,1,5,5,1,1,1,1,1,5,5,1,0,1,1,1,nan,2,nan,nan,1,nan,2,nan,1,nan,nan,1,nan,nan,1,1,nan,1,2,1,nan,nan,nan,nan,nan,nan,nan,nan,nan,nan,nan,nan,nan,nan,nan,nan,nan,nan,nan,nan,nan,nan,2,nan,nan,1,1,2,1,2,nan,nan,nan,1,1,nan,2,1,nan,1,2,nan,nan,nan,1,2,nan,1,nan,1,1,1,1,nan,1,nan,1,1,1,nan,nan,2,1,1,1,1,1,nan,1,2,1,nan,,1,nan,1,1,nan,1,1,1,nan,1,1,2,nan,,nan,nan,1,2,2,1,2,2,nan,1,1,1,nan,1,1,nan,1,1,1,1,1,2,nan,1,1,1,1,1,2,nan,1,2,nan,1,1,nan,nan,1,,nan,,1,1,nan,nan,nan,nan,nan,nan,nan,nan,2,nan,nan,nan,1,nan,,nan,1,,nan,,1,nan,1,1,nan,1,1,nan,1,nan,,nan,1,1,,nan,2,nan,nan,nan,1,nan,,nan,1,nan,,nan,nan,1,nan,2,nan,nan,1,nan,1,,nan,nan,nan,nan,1,nan,,1,,nan
14,1,240110,2,3.0,2425060004,0,2405,0,2,3,2,5,24060311113,0.8,240915023,0,0,0.85,0,0.625,0.0,0.0,0.63,0.0,0.0,0.0,nan,nan,nan,nan,nan,nan,nan,nan,nan,nan,nan,nan,nan,2,nan,nan,1,2,nan,1,1,1,1,1,nan,nan,1,nan,1,1,nan,nan,1,nan,1,1,1,2,nan,2,nan,1,1,nan,1,nan,nan,nan,1,1,1,1,1,1,nan,2,1,1,1,1,1,nan,1,1,nan,nan,2,1,nan,nan,nan,1,nan,2,nan,nan,nan,nan,nan,1,nan,nan,nan,1,1,1,nan,2,nan,nan,1,1,nan,1,0,5,5,0,1,1,1,1,5,5,0,1,1,1,1,5,5,0,1,1,1,0,5,5,1,1,1,0,1,nan,1,nan,nan,1,nan,2,1,nan,nan,1,1,1,1,2,nan,nan,nan,1,1,nan,nan,nan,nan,nan,nan,nan,nan,nan,nan,nan,nan,nan,nan,nan,nan,nan,nan,nan,nan,nan,2,nan,2,nan,2,1,1,1,nan,2,nan,1,1,1,1,1,nan,nan,1,1,nan,nan,nan,1,,nan,1,nan,1,1,1,1,nan,1,1,1,1,1,nan,nan,1,1,1,1,nan,1,nan,1,,1,nan,nan,1,nan,1,1,2,,nan,1,nan,1,1,1,2,nan,nan,nan,,1,1,nan,1,1,nan,2,1,1,nan,1,1,nan,1,2,1,1,1,1,nan,1,1,1,1,2,1,,1,1,1,1,1,nan,nan,2,1,1,nan,1,nan,nan,1,nan,nan,nan,nan,1,nan,1,1,,,nan,nan,nan,nan,1,nan,1,1,1,nan,1,1,nan,,,,nan,1,2,,1,,1,nan,nan,1,,nan,nan,nan,1,nan,,nan,1,1,nan,2,nan,2,nan,1,1,nan,1,nan,nan,nan,1,2,,,nan,1,nan,nan
15,1,240712,1,3.0,2431030016,0,2425,0,1,3,2,3,24010604702,0.9,241311086,1,0,0.0,0,0.0,0.68,0.0,0.81,0.88,0.0,0.94,nan,nan,nan,nan,nan,nan,nan,nan,nan,nan,nan,nan,nan,nan,2,1,1,1,nan,1,1,1,1,nan,1,nan,1,nan,1,nan,nan,nan,1,nan,1,1,1,1,2,1,nan,1,nan,nan,1,1,1,nan,nan,1,1,1,1,1,nan,1,1,1,1,nan,1,nan,1,1,nan,1,nan,1,nan,2,nan,1,nan,nan,nan,nan,nan,nan,2,nan,nan,nan,nan,1,nan,1,1,1,nan,nan,1,nan,nan,2,0,5,5,0,1,1,0,1,5,5,1,1,0,1,1,5,5,1,1,2,1,2,5,5,1,1,1,1,1,nan,1,nan,nan,nan,nan,nan,1,1,nan,1,nan,1,1,1,1,nan,1,2,2,nan,nan,nan,nan,nan,nan,nan,nan,nan,nan,nan,nan,nan,nan,nan,nan,nan,nan,nan,nan,nan,2,2,nan,nan,nan,nan,1,nan,1,1,nan,2,nan,1,1,1,nan,nan,1,1,1,nan,1,1,nan,nan,1,1,nan,1,1,1,nan,1,1,2,1,1,nan,nan,1,1,2,nan,1,nan,nan,1,nan,nan,1,1,,nan,1,1,1,1,1,nan,nan,1,1,1,nan,1,nan,nan,1,nan,nan,1,2,1,nan,1,1,1,nan,1,nan,nan,1,1,2,1,2,1,nan,2,1,2,1,1,1,nan,1,1,1,,,nan,nan,nan,1,1,nan,1,2,nan,1,,nan,nan,,nan,,1,nan,nan,1,1,nan,nan,2,1,nan,nan,1,nan,1,nan,1,nan,,1,nan,1,1,,,2,1,2,nan,2,nan,,nan,nan,1,nan,,,nan,nan,,1,,nan,nan,nan,nan,,nan,,,,nan,,,2,2,,1,nan,nan
16,1,241806,1,3.0,2418060018,0,2402,0,2,3,2,5,24310318406,0.9,240103021,1,0,0.7,0,0.675,0.0,0.0,0.59,0.0,0.0,0.88,nan,nan,nan,nan,nan,nan,nan,nan,nan,nan,nan,nan,2,2,nan,1,1,nan,nan,1,1,1,1,1,1,nan,1,1,nan,nan,nan,1,nan,nan,1,1,1,1,nan,1,nan,1,nan,nan,nan,1,1,nan,1,nan,1,1,1,2,nan,1,1,1,1,1,1,nan,1,nan,1,1,1,1,nan,1,nan,1,nan,nan,nan,nan,nan,nan,nan,nan,nan,nan,nan,1,nan,1,1,1,1,nan,1,1,nan,0,1,5,5,0,1,1,2,1,5,5,1,0,0,1,1,5,5,2,1,1,2,1,5,5,1,1,1,1,1,nan,1,nan,nan,nan,nan,2,1,1,nan,nan,nan,1,nan,1,1,nan,nan,2,2,nan,nan,nan,nan,nan,nan,nan,nan,nan,nan,nan,nan,nan,nan,nan,nan,nan,nan,nan,nan,nan,2,2,1,nan,1,nan,1,nan,1,2,nan,2,2,1,2,nan,1,nan,1,1,1,nan,nan,1,1,,nan,,2,2,1,2,nan,1,1,2,nan,,1,nan,1,1,1,1,1,1,nan,nan,2,1,nan,nan,1,nan,1,1,,1,1,1,nan,1,1,1,1,2,nan,nan,1,1,2,1,1,1,nan,1,1,1,nan,2,1,nan,,1,,1,1,1,nan,,1,1,2,nan,1,nan,1,2,2,nan,1,nan,,1,1,1,nan,1,1,nan,1,2,nan,nan,nan,nan,nan,nan,1,nan,nan,nan,,nan,nan,nan,nan,nan,1,,nan,1,nan,nan,,1,nan,,1,,nan,nan,1,1,nan,1,nan,nan,,nan,1,nan,,,nan,1,1,1,nan,nan,1,nan,nan,2,nan,2,1,nan,nan,,1,nan,2,1,1,nan,nan
17,0,241801,2,3.0,2402030015,0,2425,0,2,3,2,5,24070604315,0.8,241913003,1,0,0.0,0,0.0,1.0,0.0,0.0,0.0,1.0,0.61,nan,nan,nan,nan,nan,nan,nan,nan,nan,nan,nan,nan,nan,nan,nan,2,nan,nan,nan,1,1,1,nan,nan,nan,nan,2,1,1,1,nan,nan,1,nan,1,1,nan,1,1,1,nan,1,2,1,nan,1,1,nan,1,1,1,1,1,1,nan,1,1,1,1,1,1,nan,1,1,1,1,1,1,nan,1,nan,2,nan,1,nan,nan,nan,1,nan,nan,nan,nan,nan,nan,1,1,1,1,nan,nan,1,1,nan,0,1,5,5,0,1,1,0,0,5,5,2,1,0,2,1,5,5,1,1,1,1,1,5,5,0,1,2,1,2,nan,1,nan,nan,nan,nan,1,1,nan,nan,1,1,nan,1,1,2,nan,nan,nan,1,nan,nan,nan,nan,nan,nan,nan,nan,nan,nan,nan,nan,nan,nan,nan,nan,nan,nan,nan,nan,nan,nan,nan,2,nan,2,1,2,1,1,1,nan,1,nan,nan,2,1,1,nan,1,1,1,nan,1,,2,nan,nan,2,1,1,1,1,nan,nan,,,1,2,,nan,,,1,nan,1,2,nan,,,1,1,1,nan,nan,1,2,nan,2,1,2,nan,nan,1,1,nan,2,nan,nan,1,1,1,1,1,2,,2,1,1,nan,1,1,nan,1,1,2,1,1,1,nan,1,nan,1,1,2,1,nan,,1,2,2,1,nan,nan,1,nan,1,2,1,1,nan,1,nan,nan,nan,nan,nan,,1,nan,nan,nan,nan,nan,nan,nan,1,nan,nan,1,1,2,nan,1,nan,1,1,nan,1,1,2,nan,1,1,,nan,1,nan,,,nan,1,1,,nan,,,nan,nan,1,,,nan,,1,nan,1,nan,,nan,,1,,,,1,nan,nan
18,0,242215,2,3.0,2417010013,0,2404,0,1,3,2,5,24220101205,1.0,242803019,0,0,0.55,0,0.0,0.75,0.73,0.72,0.0,0.0,0.77,nan,nan,nan,nan,nan,nan,nan,nan,nan,nan,nan,nan,nan,1,nan,1,1,1,nan,2,1,1,1,2,1,nan,1,1,nan,nan,nan,1,nan,nan,nan,1,nan,1,1,1,nan,1,2,nan,1,nan,2,nan,1,1,nan,1,2,nan,nan,1,1,1,2,1,1,nan,nan,1,1,1,1,nan,nan,nan,nan,1,nan,1,nan,nan,nan,nan,nan,nan,nan,nan,nan,nan,1,1,1,1,nan,nan,1,1,nan,0,0,5,5,0,1,1,1,0,5,5,1,1,1,2,1,5,5,1,1,2,1,1,5,5,0,0,1,1,1,nan,nan,nan,nan,1,nan,1,1,nan,nan,1,1,1,1,1,1,nan,nan,1,1,nan,nan,nan,nan,nan,nan,nan,nan,nan,nan,nan,nan,nan,nan,nan,nan,nan,nan,nan,nan,nan,2,1,1,nan,1,1,1,1,2,1,nan,1,1,1,2,1,nan,nan,1,nan,2,nan,nan,1,1,nan,nan,1,nan,1,1,1,nan,nan,1,1,nan,1,1,nan,1,1,1,2,,1,nan,1,nan,nan,nan,1,,nan,1,,1,1,2,1,nan,1,1,,nan,2,nan,nan,,2,1,1,1,1,nan,1,1,1,nan,1,1,nan,2,1,1,1,1,nan,nan,nan,1,,1,nan,nan,nan,1,1,1,nan,1,nan,nan,1,2,1,nan,1,1,nan,2,1,nan,nan,nan,1,nan,1,1,,nan,nan,nan,nan,nan,1,nan,,,2,nan,nan,nan,nan,2,1,nan,2,nan,1,nan,1,1,1,nan,nan,,nan,nan,nan,1,nan,nan,nan,nan,nan,2,1,nan,nan,1,nan,nan,2,nan,1,1,nan,nan,nan,1,2,1,nan,1,nan,
19,0,243002,2,3.0,2414070006,0,2407,0,2,3,2,3,24191302323,0.8,242206033,0,0,0.0,0,0.0,0.81,0.0,0.0,0.0,0.75,0.94,nan,nan,nan,nan,nan,nan,nan,nan,nan,nan,nan,nan,1,1,1,1,nan,1,nan,2,1,1,nan,1,1,nan,1,nan,nan,1,nan,nan,1,nan,nan,2,1,1,1,nan,nan,nan,nan,1,1,1,nan,nan,1,1,1,nan,2,1,nan,2,1,1,nan,nan,2,nan,1,1,1,1,1,1,nan,1,nan,nan,nan,nan,1,nan,nan,nan,nan,nan,nan,nan,nan,nan,2,1,1,1,nan,nan,nan,1,nan,1,1,5,5,0,1,2,0,2,5,5,1,1,0,1,1,5,5,1,1,1,1,1,5,5,1,0,0,2,1,nan,1,nan,nan,2,nan,1,nan,1,nan,1,2,1,nan,nan,1,nan,nan,1,nan,nan,nan,nan,nan,nan,nan,nan,nan,nan,nan,nan,nan,nan,nan,nan,nan,nan,nan,nan,nan,nan,2,nan,1,nan,1,1,1,1,2,1,nan,1,nan,1,1,1,1,nan,nan,1,1,nan,1,,nan,nan,,2,1,1,1,1,nan,1,,1,nan,1,1,nan,1,2,1,1,1,1,nan,1,nan,1,1,,nan,nan,1,1,1,1,nan,2,nan,1,1,1,nan,1,nan,,1,2,2,1,1,1,nan,1,1,1,nan,1,2,nan,nan,1,1,1,1,1,,1,1,2,nan,1,,nan,1,1,1,1,1,nan,nan,2,2,nan,nan,nan,1,nan,1,1,,nan,nan,nan,nan,1,nan,nan,nan,1,nan,nan,1,1,nan,nan,2,,1,2,,nan,1,nan,nan,1,nan,2,nan,1,,1,nan,1,,nan,1,nan,2,nan,nan,nan,nan,nan,1,1,1,nan,1,,,1,nan,,1,nan,nan,1,nan,nan,1,1,,nan,nan
20,0,240701,2,3.0,2402010002,0,2432,0,2,3,1,3,24020310501,0.9,242215311,1,0,0.45,0,0.5,0.0,0.8,0.63,0.68,0.83,0.16,nan,nan,nan,nan,nan,nan,nan,nan,nan,nan,nan,nan,1,nan,2,1,nan,nan,nan,1,1,nan,1,2,1,nan,nan,1,nan,2,nan,nan,1,nan,2,nan,1,2,2,1,nan,1,1,nan,nan,1,1,nan,1,1,1,nan,nan,1,nan,nan,nan,1,1,1,2,nan,2,1,nan,1,1,1,nan,1,nan,1,nan,nan,1,nan,nan,nan,nan,nan,nan,nan,nan,nan,1,nan,1,1,1,nan,1,1,nan,0,0,5,5,0,2,1,1,0,5,5,1,1,1,2,1,5,5,1,0,2,2,1,5,5,1,1,1,1,1,nan,nan,nan,1,nan,nan,1,1,1,nan,nan,1,1,1,nan,1,nan,1,1,1,nan,nan,nan,nan,nan,nan,nan,nan,nan,nan,nan,nan,nan,nan,nan,nan,nan,nan,nan,nan,nan,1,1,2,nan,nan,1,1,1,1,2,nan,1,1,1,1,1,1,nan,1,2,1,nan,1,1,,nan,1,1,nan,1,1,2,nan,2,1,1,2,1,nan,nan,1,,1,2,1,,nan,1,1,1,nan,1,1,nan,1,1,1,1,1,,nan,1,2,1,nan,1,nan,nan,2,2,2,nan,2,1,nan,1,1,1,nan,1,1,nan,1,nan,,1,1,,nan,nan,1,1,nan,1,2,nan,nan,1,,1,1,nan,,1,1,nan,nan,1,1,nan,,nan,nan,nan,nan,nan,nan,1,2,nan,,,nan,,nan,1,nan,2,1,1,1,1,1,nan,1,nan,nan,1,2,nan,nan,nan,,1,nan,1,nan,nan,nan,nan,nan,1,nan,1,nan,1,nan,nan,nan,nan,2,nan,,1,nan,1,,nan,nan,2,1,1,2,,2,nan,nan
21,0,242904,2,3.0,2417010015,0,2407,0,2,3,2,10,24071201027,0.9,240104054,0,0,0.825,0,0.3,0.0,0.0,0.77,0.0,0.0,0.0,nan,nan,nan,nan,nan,nan,nan,nan,nan,nan,nan,nan,nan,2,nan,1,nan,1,nan,2,2,1,1,1,1,nan,nan,1,nan,2,nan,nan,1,nan,nan,1,nan,nan,1,2,nan,1,nan,2,1,1,1,nan,1,1,nan,1,1,1,nan,1,1,nan,1,1,1,nan,1,1,2,nan,1,1,nan,2,nan,1,nan,2,nan,nan,nan,nan,nan,nan,nan,nan,nan,1,1,1,1,2,nan,nan,1,1,nan,1,0,5,5,1,1,2,1,0,5,5,1,1,0,1,1,5,5,1,2,0,0,1,5,5,1,1,1,1,1,nan,2,nan,nan,1,nan,1,1,1,nan,1,1,2,1,1,1,nan,1,nan,1,nan,nan,nan,nan,nan,nan,nan,nan,nan,nan,nan,nan,nan,nan,nan,nan,nan,nan,nan,nan,nan,1,1,1,nan,1,2,1,1,1,nan,nan,nan,1,1,1,1,2,nan,1,nan,1,nan,1,1,nan,nan,1,1,nan,2,1,,nan,1,nan,2,1,1,nan,nan,nan,1,1,1,1,2,nan,1,1,2,2,2,,nan,1,1,1,1,1,1,nan,1,1,1,1,nan,nan,nan,1,1,1,1,2,nan,nan,2,,1,,1,1,nan,,1,1,1,1,1,nan,2,1,2,1,1,1,nan,1,2,,,1,nan,,2,1,1,1,1,1,nan,1,nan,nan,nan,nan,nan,1,1,nan,nan,,nan,,nan,,1,nan,nan,1,1,2,nan,1,nan,1,1,nan,1,1,nan,nan,2,1,1,,nan,nan,,,nan,1,,nan,,nan,nan,1,,,nan,2,,2,,nan,2,1,nan,nan,1,,,,,1,nan,nan
22,0,242404,2,3.0,2429020009,0,2408,1,2,3,2,5,24060404701,0.9,240205117,1,0,0.75,0,0.775,0.87,0.76,0.0,0.8,0.0,0.77,nan,nan,nan,nan,nan,nan,nan,nan,nan,nan,nan,nan,2,2,1,nan,1,nan,nan,1,1,nan,1,1,2,nan,nan,2,1,1,nan,nan,1,nan,1,1,1,1,1,1,nan,nan,nan,nan,nan,1,nan,nan,1,nan,1,1,1,1,nan,nan,nan,1,nan,1,nan,nan,1,1,nan,nan,1,1,nan,nan,nan,2,nan,nan,1,nan,nan,nan,nan,nan,nan,nan,nan,1,1,1,1,nan,2,nan,1,1,nan,1,2,5,5,0,1,1,1,0,5,5,1,0,0,1,1,5,5,1,1,2,1,2,5,5,0,1,1,1,1,nan,1,nan,nan,nan,nan,1,2,1,nan,nan,1,nan,1,1,nan,nan,1,1,nan,nan,nan,nan,nan,nan,nan,nan,nan,nan,nan,nan,nan,nan,nan,nan,nan,nan,nan,nan,nan,nan,1,2,nan,nan,nan,2,1,1,1,nan,nan,1,1,1,1,1,1,nan,nan,1,2,nan,2,1,2,,nan,1,2,1,,2,nan,1,1,2,1,1,1,nan,1,1,,nan,1,1,nan,nan,1,1,nan,1,1,,1,1,1,1,1,nan,nan,1,1,2,nan,1,nan,nan,2,1,2,2,1,1,nan,1,1,,nan,1,1,nan,1,1,nan,1,1,2,nan,1,1,1,,2,1,nan,2,2,2,1,1,nan,nan,2,1,1,nan,,1,nan,,nan,nan,nan,,nan,nan,nan,1,nan,1,1,nan,nan,1,1,nan,nan,1,1,1,1,2,nan,1,2,nan,2,1,2,,1,2,1,nan,nan,1,,,nan,1,nan,,nan,,nan,1,,1,,1,nan,nan,1,,,nan,nan,nan,nan,nan,1,,1,nan,,nan
23,0,241211,2,3.0,2407100004,0,2401,0,2,3,2,5,24191300305,0.9,240209003,1,0,0.0,0,0.375,0.81,0.5,0.0,0.0,0.0,0.88,nan,nan,nan,nan,nan,nan,nan,nan,nan,nan,nan,nan,nan,2,1,nan,1,1,nan,nan,1,1,1,1,2,nan,1,nan,nan,1,nan,nan,1,nan,1,1,1,nan,2,nan,nan,1,2,1,2,1,nan,nan,nan,1,2,2,1,1,nan,1,nan,1,2,1,1,nan,1,1,1,nan,2,2,nan,nan,nan,nan,nan,1,1,nan,nan,nan,nan,nan,nan,nan,nan,1,1,1,2,1,1,nan,1,1,nan,1,0,5,5,0,2,1,1,0,5,5,1,1,0,1,1,5,5,1,1,1,1,1,5,5,1,1,1,1,1,nan,1,nan,nan,1,nan,nan,1,1,nan,1,1,1,1,1,1,nan,2,1,nan,nan,nan,nan,nan,nan,nan,nan,nan,nan,nan,nan,nan,nan,nan,nan,nan,nan,nan,nan,nan,nan,nan,nan,nan,nan,2,2,nan,1,1,1,nan,nan,nan,1,nan,nan,1,nan,1,nan,nan,nan,1,nan,1,nan,nan,2,1,1,2,1,nan,1,1,nan,1,1,nan,nan,1,1,1,1,1,1,nan,1,1,1,,1,1,,1,1,nan,1,nan,1,,1,1,1,nan,1,nan,nan,1,1,2,1,1,1,nan,1,1,1,nan,1,,nan,1,2,1,1,1,2,nan,1,,2,1,1,1,nan,2,1,2,,1,nan,nan,1,1,1,2,1,1,nan,2,1,nan,nan,nan,nan,nan,1,nan,nan,nan,nan,nan,nan,nan,2,nan,,nan,,1,nan,nan,nan,1,2,nan,1,,1,nan,2,1,,nan,nan,1,nan,,nan,1,nan,nan,,nan,nan,nan,nan,nan,,1,nan,nan,1,nan,1,nan,nan,,nan,1,2,2,1,nan,nan,nan
24,1,240712,2,3.0,2415010003,0,2425,0,1,3,1,5,24141105501,0.8,240110010,1,0,0.0,0,0.225,0.0,0.88,0.0,0.84,1.0,0.0,nan,nan,nan,nan,nan,nan,nan,nan,nan,nan,nan,nan,nan,nan,2,1,2,1,nan,1,1,1,nan,1,1,nan,2,1,nan,1,nan,nan,2,nan,1,1,2,1,2,1,nan,1,1,nan,1,1,nan,nan,nan,1,1,2,nan,1,nan,2,1,2,1,1,nan,nan,1,2,1,1,nan,1,nan,1,nan,1,nan,nan,2,nan,nan,nan,nan,nan,nan,nan,nan,1,nan,1,1,1,2,nan,1,nan,nan,1,0,5,5,0,1,1,0,1,5,5,1,1,2,2,1,5,5,1,1,1,1,1,5,5,1,1,2,1,1,nan,1,nan,nan,nan,nan,1,nan,nan,nan,1,1,nan,nan,nan,1,nan,nan,2,2,nan,nan,nan,nan,nan,nan,nan,nan,nan,nan,nan,nan,nan,nan,nan,nan,nan,nan,nan,nan,nan,1,nan,2,nan,1,1,1,1,1,1,nan,1,1,1,1,1,nan,nan,1,1,1,nan,nan,1,1,nan,1,2,1,2,2,1,nan,1,1,1,1,1,1,nan,1,1,1,1,1,nan,nan,nan,1,nan,1,,nan,nan,1,nan,2,1,nan,1,nan,1,1,1,nan,1,nan,nan,2,1,1,1,nan,1,nan,,2,1,nan,1,1,nan,nan,2,2,1,,2,nan,2,2,1,2,1,1,nan,1,1,1,1,1,nan,,nan,1,2,,1,nan,nan,1,nan,nan,nan,nan,,1,2,nan,nan,nan,nan,nan,1,1,,,nan,1,1,nan,1,1,nan,1,,nan,1,1,2,nan,2,1,1,nan,1,1,nan,nan,nan,1,2,,1,nan,1,1,,1,,nan,nan,,1,nan,1,1,nan,,1,1,nan,1,nan,1,nan,
25,0,240712,2,3.0,2404040004,0,2419,0,2,3,2,3,24040304001,0.8,240409010,0,0,0.0,1,0.0,0.68,0.57,0.0,0.64,0.91,0.83,nan,nan,nan,nan,nan,nan,nan,nan,nan,nan,nan,nan,2,nan,2,2,2,1,nan,nan,nan,2,nan,nan,nan,nan,1,1,1,1,nan,nan,1,nan,nan,1,1,1,1,1,nan,nan,nan,1,nan,nan,nan,nan,nan,1,nan,1,1,1,nan,1,1,nan,nan,nan,1,nan,1,1,nan,1,1,2,nan,nan,nan,nan,nan,2,2,nan,nan,nan,2,1,nan,nan,nan,1,1,1,1,1,nan,nan,nan,1,nan,1,1,5,5,1,1,0,0,1,5,5,0,1,0,0,1,5,5,1,0,1,1,1,5,5,1,1,1,1,1,nan,1,nan,nan,nan,nan,1,1,1,nan,nan,1,2,1,1,1,nan,nan,2,1,nan,nan,nan,nan,nan,nan,nan,nan,nan,nan,nan,nan,nan,nan,nan,nan,nan,nan,nan,nan,nan,nan,1,2,nan,nan,2,1,1,1,1,nan,2,1,1,1,nan,1,nan,2,1,1,nan,2,2,2,nan,1,1,1,1,1,2,nan,1,1,2,1,1,1,nan,2,1,1,nan,1,1,nan,1,1,1,1,1,1,nan,2,1,1,,nan,1,nan,1,1,2,1,nan,nan,nan,1,1,1,2,2,nan,nan,2,1,1,nan,2,1,nan,1,1,2,1,,1,nan,2,1,1,1,2,1,nan,1,1,1,1,1,nan,nan,1,,1,nan,2,1,nan,,nan,,nan,nan,nan,nan,2,nan,nan,,nan,nan,2,nan,1,nan,1,1,1,2,nan,1,nan,1,1,nan,1,1,1,,1,2,1,nan,nan,,,1,nan,2,1,nan,,nan,,nan,nan,1,,2,nan,2,1,nan,,2,nan,nan,1,2,nan,1,1,1,nan,
26,1,240105,2,3.0,2403080007,0,2409,0,1,19,2,5,24220207403,0.9,242215017,1,0,0.0,0,0.0,0.93,0.0,0.0,0.76,0.91,0.94,nan,nan,nan,nan,nan,nan,nan,nan,nan,nan,nan,nan,1,1,nan,nan,1,1,nan,1,nan,1,2,1,2,nan,1,1,1,1,nan,nan,nan,nan,1,nan,1,2,1,2,nan,1,1,nan,1,1,1,nan,1,nan,1,1,1,nan,nan,1,1,1,1,nan,nan,nan,nan,2,2,1,nan,1,nan,1,nan,1,nan,nan,1,nan,nan,1,nan,nan,nan,2,nan,1,1,1,1,1,1,nan,1,1,nan,0,1,5,5,0,1,1,1,2,5,5,0,1,0,0,0,5,5,0,0,1,1,1,5,5,1,1,1,0,1,nan,1,nan,nan,1,nan,1,1,1,nan,nan,1,1,1,1,1,nan,1,1,1,nan,nan,nan,nan,nan,nan,nan,nan,nan,nan,nan,nan,nan,nan,nan,nan,nan,nan,nan,nan,nan,1,nan,1,nan,1,1,1,1,1,nan,nan,1,1,1,1,nan,nan,nan,1,1,1,nan,1,nan,1,nan,nan,2,1,1,1,1,nan,1,1,1,nan,1,1,nan,1,1,1,1,1,1,nan,nan,1,2,1,1,1,nan,1,1,1,1,1,1,nan,,1,1,nan,1,nan,nan,1,2,1,1,1,1,nan,1,2,1,nan,1,1,nan,1,,1,1,1,nan,nan,1,1,,1,1,,nan,2,1,1,1,1,nan,,1,1,1,1,1,,nan,nan,nan,nan,nan,nan,1,nan,1,nan,,nan,,nan,nan,nan,1,nan,nan,1,1,nan,1,1,nan,2,2,nan,nan,,1,nan,nan,,nan,nan,,nan,nan,nan,,1,1,nan,nan,nan,1,1,1,2,nan,1,nan,,1,nan,1,1,nan,nan,,,,nan,1,,nan,
27,0,241501,1,3.0,2418070021,0,2419,0,2,3,1,10,24050702902,0.8,240409021,0,0,0.85,0,0.0,0.0,0.73,0.0,0.0,0.0,0.83,nan,nan,nan,nan,nan,nan,nan,nan,nan,nan,nan,nan,nan,2,nan,1,1,1,nan,nan,nan,1,1,1,1,nan,1,1,1,1,nan,1,1,nan,1,1,nan,1,2,2,nan,nan,nan,1,nan,nan,1,nan,1,2,1,nan,2,2,nan,nan,1,nan,2,1,1,nan,1,1,1,1,1,1,nan,1,nan,1,nan,1,nan,nan,nan,nan,nan,nan,nan,nan,nan,nan,1,1,1,1,1,nan,1,1,nan,1,0,5,5,2,1,1,1,2,5,5,1,1,1,2,1,5,5,1,1,1,1,1,5,5,1,0,0,1,1,nan,nan,nan,nan,nan,nan,nan,nan,1,nan,1,1,nan,1,1,1,nan,nan,nan,2,nan,nan,nan,nan,nan,nan,nan,nan,nan,nan,nan,nan,nan,nan,nan,nan,nan,nan,nan,nan,nan,nan,2,nan,nan,2,1,1,1,nan,nan,nan,1,1,1,1,2,nan,nan,1,1,1,nan,1,1,nan,nan,nan,1,2,2,1,1,nan,1,1,1,1,1,1,nan,2,1,1,,1,1,nan,2,1,1,1,1,1,nan,1,1,1,1,1,,nan,1,nan,1,nan,1,nan,nan,1,1,1,nan,2,nan,nan,2,1,2,nan,nan,1,nan,2,2,1,1,1,1,nan,2,1,1,1,1,nan,nan,nan,2,1,2,,nan,nan,1,1,1,nan,1,nan,,1,1,nan,nan,nan,,nan,1,nan,nan,nan,nan,nan,nan,nan,1,,nan,1,,1,nan,1,nan,1,1,,1,1,nan,nan,1,nan,1,nan,,nan,,nan,nan,1,,nan,,nan,2,2,,nan,,1,,1,,,1,1,nan,nan,2,,1,2,,1,,nan
28,1,242804,1,3.0,2430040002,0,2410,0,1,3,2,3,24130100247,0.9,242215300,0,0,0.0,0,0.325,0.06,0.0,0.5,0.0,0.0,0.72,nan,nan,nan,nan,nan,nan,nan,nan,nan,nan,nan,nan,nan,nan,2,1,nan,1,nan,1,nan,1,1,nan,2,nan,2,1,1,nan,nan,nan,2,nan,1,1,1,nan,nan,1,nan,1,nan,2,nan,2,nan,nan,1,2,nan,1,nan,1,nan,1,1,nan,1,1,1,nan,1,1,1,1,1,1,nan,1,nan,nan,nan,nan,1,nan,nan,nan,nan,nan,nan,nan,nan,2,nan,2,1,1,1,nan,nan,1,nan,1,1,5,5,0,1,1,2,1,5,5,2,1,1,1,1,5,5,0,1,1,0,1,5,5,1,1,1,1,1,nan,nan,nan,2,1,nan,1,1,1,nan,1,1,1,nan,1,nan,nan,nan,1,nan,nan,nan,nan,nan,nan,nan,nan,nan,nan,nan,nan,nan,nan,nan,nan,nan,nan,nan,nan,nan,nan,1,2,1,nan,1,nan,1,1,1,1,nan,1,1,1,1,2,1,nan,2,1,1,nan,1,nan,1,,,1,1,1,1,1,nan,1,1,2,1,2,nan,nan,2,1,1,,1,1,nan,1,1,nan,nan,1,2,nan,1,1,1,1,1,,nan,1,1,1,nan,,nan,nan,1,1,1,1,1,2,nan,1,2,1,nan,1,nan,nan,1,,,2,1,2,nan,1,2,nan,1,,1,nan,,,2,1,1,nan,nan,1,2,nan,nan,nan,1,nan,nan,1,nan,nan,nan,nan,nan,1,nan,,,nan,nan,nan,nan,2,nan,,1,,1,nan,nan,nan,1,1,,1,1,1,nan,1,nan,1,,1,,nan,1,nan,nan,nan,nan,,nan,nan,,2,1,nan,nan,nan,,1,nan,,1,nan,nan,1,1,1,,nan,1,nan,nan
29,1,243304,1,3.0,2407120080,0,2425,0,2,3,2,5,24020811102,0.8,241702031,0,0,0.25,0,0.525,0.68,0.0,0.45,0.76,0.0,0.22,nan,nan,nan,nan,nan,nan,nan,nan,nan,nan,nan,nan,2,nan,1,1,nan,nan,nan,1,2,1,nan,2,2,nan,1,1,1,1,nan,nan,1,nan,1,1,1,1,nan,2,nan,nan,nan,1,1,nan,1,nan,nan,nan,1,1,1,nan,nan,1,1,1,nan,2,1,nan,nan,1,1,2,nan,1,nan,nan,nan,2,nan,2,1,nan,nan,nan,nan,nan,nan,nan,nan,1,1,1,1,2,1,nan,2,1,nan,1,1,5,5,0,1,1,1,2,5,5,0,1,0,0,1,5,5,1,1,1,2,1,5,5,1,1,1,1,0,nan,1,nan,nan,nan,nan,1,1,1,nan,1,1,1,1,1,1,nan,nan,nan,nan,nan,nan,nan,nan,nan,nan,nan,nan,nan,nan,nan,nan,nan,nan,nan,nan,nan,nan,nan,nan,nan,2,1,2,nan,2,1,nan,1,1,1,nan,1,1,nan,1,2,1,nan,1,1,1,nan,1,nan,2,nan,nan,1,1,1,1,nan,nan,1,1,nan,1,1,2,nan,2,2,1,1,1,1,nan,1,nan,1,nan,2,1,,1,1,1,1,nan,nan,,1,,1,nan,1,nan,nan,1,1,1,1,2,nan,nan,1,2,2,nan,1,1,nan,1,nan,1,1,1,1,nan,1,1,1,1,1,1,nan,1,1,2,1,,,nan,1,1,2,nan,1,1,nan,1,2,nan,nan,nan,nan,,1,1,nan,,nan,,nan,nan,2,nan,nan,1,1,1,nan,2,nan,nan,1,nan,2,,1,nan,1,1,nan,,1,nan,nan,nan,nan,1,nan,nan,,nan,,nan,,nan,,,nan,nan,1,nan,,,nan,nan,nan,,2,2,1,2,nan,
30,0,240712,1,3.0,2401050032,0,2426,0,2,3,6,5,24180900901,0.8,242215295,0,0,0.425,0,0.175,0.0,0.73,0.77,0.0,0.58,0.88,nan,nan,nan,nan,nan,nan,nan,nan,nan,nan,nan,nan,nan,1,1,1,nan,1,nan,1,2,1,nan,1,1,nan,1,1,nan,nan,nan,1,1,nan,nan,1,1,nan,nan,1,nan,nan,1,nan,1,nan,1,nan,1,1,1,2,1,nan,nan,1,1,nan,1,nan,1,nan,1,1,2,1,1,1,nan,1,nan,1,nan,2,1,nan,nan,nan,nan,nan,nan,nan,nan,1,2,1,1,1,nan,nan,nan,2,nan,0,0,5,5,0,1,1,1,1,5,5,1,1,0,1,0,5,5,1,1,1,0,1,5,5,0,1,1,1,1,nan,1,nan,nan,nan,nan,nan,nan,2,nan,nan,1,nan,nan,1,nan,nan,nan,1,1,nan,nan,nan,nan,nan,nan,nan,nan,nan,nan,nan,nan,nan,nan,nan,nan,nan,nan,nan,nan,nan,2,2,2,nan,1,nan,1,2,1,nan,nan,1,nan,nan,1,2,1,nan,1,1,nan,nan,nan,nan,1,nan,nan,1,1,1,1,1,nan,1,nan,1,1,1,nan,nan,2,1,1,1,1,1,nan,nan,1,1,nan,,1,nan,1,2,,,1,1,nan,1,1,1,1,1,,nan,1,1,1,2,2,nan,nan,1,2,nan,nan,1,1,,1,1,1,1,1,1,nan,2,1,1,1,1,2,,nan,1,,1,1,nan,,1,1,,2,2,1,nan,1,nan,nan,nan,nan,nan,1,1,2,nan,nan,,nan,nan,1,1,nan,1,nan,1,2,1,1,nan,nan,1,nan,1,2,nan,nan,1,1,1,nan,1,nan,,nan,nan,nan,nan,nan,1,nan,,,nan,nan,nan,1,nan,1,1,nan,2,,,nan,,1,,2,1,nan,nan,nan
31,0,240706,2,3.0,2417060004,0,2420,0,2,3,2,5,24261100802,0.9,240207038,0,0,0.85,0,0.05,1.0,0.15,0.0,0.0,1.0,0.0,nan,nan,nan,nan,nan,nan,nan,nan,nan,nan,nan,nan,nan,2,1,nan,2,1,nan,nan,2,2,nan,nan,nan,nan,1,1,nan,2,nan,nan,1,nan,1,1,1,1,1,nan,nan,nan,nan,nan,1,1,nan,nan,1,1,1,nan,nan,nan,nan,1,1,1,nan,nan,1,nan,1,1,1,nan,nan,1,nan,1,nan,nan,nan,nan,1,nan,nan,1,nan,1,nan,nan,nan,1,nan,1,nan,1,1,nan,1,1,nan,1,0,5,5,0,0,0,1,2,5,5,1,1,1,1,1,5,5,1,1,1,1,0,5,5,0,1,1,0,1,nan,1,nan,nan,1,nan,1,1,nan,nan,1,1,nan,1,1,nan,nan,2,1,nan,nan,nan,nan,nan,nan,nan,nan,nan,nan,nan,nan,nan,nan,nan,nan,nan,nan,nan,nan,nan,nan,nan,nan,1,nan,1,1,1,1,1,1,nan,1,2,1,2,1,1,nan,1,nan,2,nan,nan,nan,2,nan,1,1,1,1,1,1,nan,2,2,1,1,1,1,nan,nan,1,1,,1,2,nan,1,,,1,nan,1,nan,2,1,,1,1,1,nan,,1,2,2,nan,,nan,nan,1,1,nan,1,1,nan,1,1,1,nan,1,2,nan,2,1,2,1,1,1,,2,1,2,1,1,1,nan,2,1,nan,nan,1,nan,nan,1,1,,nan,1,1,nan,1,,nan,nan,,2,nan,1,1,nan,nan,nan,nan,1,,1,nan,1,1,nan,1,1,nan,nan,nan,2,nan,1,1,2,nan,1,nan,,nan,nan,nan,nan,,nan,nan,,,1,,nan,nan,nan,nan,,1,nan,nan,,nan,2,1,nan,nan,2,,2,1,1,1,,nan
32,0,240712,2,3.0,2425030008,0,2431,0,2,3,2,5,24250601346,0.9,240402046,1,0,0.0,0,0.725,0.0,1.0,0.0,0.96,1.0,0.0,nan,nan,nan,nan,nan,nan,nan,nan,nan,nan,nan,nan,2,1,2,2,1,1,nan,2,nan,1,1,1,1,nan,nan,nan,nan,1,nan,1,1,nan,nan,nan,1,2,nan,1,nan,1,2,nan,2,1,nan,nan,1,1,1,nan,1,nan,nan,1,2,1,nan,1,nan,nan,nan,1,2,2,1,nan,nan,nan,nan,nan,nan,2,1,nan,nan,nan,1,nan,nan,1,nan,nan,2,1,2,1,1,nan,1,1,nan,0,0,5,5,1,0,1,2,0,5,5,2,1,1,1,1,5,5,1,1,1,1,1,5,5,0,1,2,2,1,nan,1,nan,nan,nan,nan,nan,1,1,nan,1,1,1,1,1,1,nan,1,2,nan,nan,nan,nan,nan,nan,nan,nan,nan,nan,nan,nan,nan,nan,nan,nan,nan,nan,nan,nan,nan,nan,nan,nan,1,nan,nan,1,1,1,1,1,nan,2,1,1,nan,1,1,nan,1,2,1,nan,1,1,1,,1,1,2,2,1,1,nan,2,1,1,,1,1,nan,2,1,1,2,2,nan,nan,nan,1,1,nan,1,1,nan,1,1,,,1,1,nan,1,1,1,nan,nan,nan,nan,2,nan,1,1,1,nan,nan,1,1,1,nan,nan,,nan,1,1,2,1,1,1,nan,1,1,1,1,1,1,nan,,2,1,2,1,nan,nan,nan,nan,1,nan,2,1,nan,2,nan,nan,,,nan,nan,1,nan,nan,nan,nan,nan,nan,nan,1,nan,nan,1,2,1,nan,1,nan,nan,2,nan,1,1,,nan,1,,1,,nan,1,nan,2,nan,1,1,nan,,nan,nan,1,1,,nan,1,nan,nan,,nan,1,nan,,,1,2,2,1,nan,nan,nan,nan
33,1,242002,2,3.0,2418050014,0,2402,2,1,19,2,5,24220103002,0.9,240712030,0,0,0.7,0,0.925,0.0,0.0,0.0,0.6,0.91,0.0,nan,nan,nan,nan,nan,nan,nan,nan,nan,nan,nan,nan,nan,2,1,nan,1,1,nan,2,nan,2,2,1,nan,nan,nan,1,1,nan,nan,nan,1,nan,1,1,nan,1,nan,2,nan,2,1,1,nan,2,2,nan,1,2,1,1,1,1,nan,1,1,2,nan,1,1,nan,2,1,1,1,1,1,nan,2,nan,nan,nan,nan,1,nan,nan,nan,nan,2,nan,1,nan,1,1,1,nan,nan,1,nan,2,1,nan,2,1,5,5,1,2,0,2,0,5,5,1,1,0,0,1,5,5,1,2,1,0,0,5,5,1,0,1,1,2,nan,nan,nan,nan,1,nan,1,1,1,nan,nan,nan,nan,nan,nan,1,nan,1,1,1,nan,nan,nan,nan,nan,nan,nan,nan,nan,nan,nan,nan,nan,nan,nan,nan,nan,nan,nan,nan,nan,1,1,2,nan,2,2,nan,1,1,2,nan,1,1,1,nan,1,nan,nan,2,1,1,nan,nan,1,1,nan,1,1,1,1,nan,1,nan,1,2,1,1,2,1,nan,nan,,1,1,1,1,nan,1,1,1,nan,1,2,nan,1,1,1,1,1,,nan,1,1,1,1,1,,nan,1,1,1,1,1,1,nan,1,1,1,nan,2,nan,nan,1,nan,1,1,,nan,nan,,1,1,1,1,1,nan,1,2,1,1,1,nan,nan,1,1,1,nan,1,1,nan,1,1,nan,nan,nan,,nan,,,nan,,nan,nan,nan,nan,1,nan,nan,1,2,,2,nan,nan,1,2,nan,,1,1,nan,1,2,1,nan,,1,nan,1,nan,,1,,1,nan,2,nan,,nan,nan,1,,1,nan,nan,1,,nan,nan,2,1,nan,nan,2,1,,
34,1,240805,1,3.0,2414050009,0,2422,0,2,3,2,3,24250502801,0.9,241913049,0,0,0.95,0,0.0,0.81,0.0,0.63,0.96,0.0,0.55,nan,nan,nan,nan,nan,nan,nan,nan,nan,nan,nan,nan,2,1,nan,1,nan,2,nan,1,1,1,1,1,1,nan,nan,1,1,nan,nan,nan,1,nan,nan,1,1,1,1,1,nan,1,1,nan,1,1,2,nan,2,1,nan,1,nan,1,nan,nan,1,1,1,nan,1,nan,1,1,1,1,nan,1,nan,1,nan,nan,nan,1,1,nan,nan,nan,nan,nan,nan,nan,nan,2,1,1,1,1,1,nan,1,1,nan,0,1,5,5,1,0,2,1,0,5,5,0,1,1,1,0,5,5,1,1,1,0,0,5,5,1,0,1,1,0,nan,1,nan,1,nan,nan,1,nan,1,nan,1,1,1,1,1,1,nan,1,1,1,nan,nan,nan,nan,nan,nan,nan,nan,nan,nan,nan,nan,nan,nan,nan,nan,nan,nan,nan,nan,nan,nan,1,1,nan,1,2,1,1,1,1,nan,1,1,1,nan,nan,2,nan,1,1,2,nan,nan,1,1,nan,1,1,1,1,1,2,nan,1,1,1,1,1,1,nan,1,2,1,nan,,1,nan,1,nan,1,nan,1,2,nan,2,2,nan,1,1,1,nan,1,1,1,,,nan,nan,1,1,1,,1,1,nan,1,1,,nan,1,1,nan,1,1,1,1,1,2,nan,1,1,1,nan,1,1,nan,nan,1,1,1,1,,nan,1,2,1,nan,1,nan,nan,1,1,nan,nan,nan,1,nan,1,nan,nan,nan,2,nan,nan,nan,1,nan,nan,1,1,1,1,1,,1,1,nan,1,1,1,nan,1,1,1,nan,,nan,nan,nan,nan,nan,nan,nan,1,,,nan,1,2,nan,1,,1,1,nan,,,nan,nan,1,,2,,1,,,
35,0,242503,2,3.0,2422150003,0,2409,0,1,3,1,5,24191110602,0.9,242102046,1,0,0.35,0,0.0,0.0,0.0,0.72,0.76,0.0,0.5,nan,nan,nan,nan,nan,nan,nan,nan,nan,nan,nan,nan,nan,1,nan,1,1,1,nan,1,1,1,2,1,1,nan,1,1,1,1,nan,nan,2,nan,1,1,1,nan,1,1,nan,1,nan,1,nan,nan,1,nan,nan,1,nan,1,nan,1,nan,1,1,2,1,1,nan,nan,1,1,1,1,2,1,nan,2,nan,2,nan,1,1,nan,nan,nan,1,nan,nan,nan,nan,1,1,1,1,2,1,nan,2,2,nan,1,0,5,5,0,1,1,0,2,5,5,1,1,1,0,1,5,5,1,1,0,1,1,5,5,1,1,1,1,1,nan,1,nan,nan,nan,nan,nan,2,nan,nan,nan,1,nan,1,1,1,nan,nan,1,nan,nan,nan,nan,nan,nan,nan,nan,nan,nan,nan,nan,nan,nan,nan,nan,nan,nan,nan,nan,nan,nan,1,nan,2,nan,2,1,1,nan,1,2,nan,2,1,1,nan,1,1,nan,1,2,1,nan,nan,1,1,nan,nan,nan,1,1,2,1,nan,1,1,nan,1,2,1,nan,1,,1,1,1,1,nan,1,1,1,1,1,1,nan,1,1,2,1,,1,nan,1,2,1,1,1,nan,nan,1,1,,1,2,2,nan,1,1,1,nan,1,,nan,,1,1,1,1,nan,nan,2,1,nan,1,1,,nan,1,1,2,2,1,nan,nan,1,2,nan,nan,1,1,nan,1,nan,nan,nan,nan,nan,nan,nan,nan,nan,,nan,nan,,nan,1,nan,1,2,1,nan,,1,,1,1,nan,2,1,1,,1,1,1,,1,1,nan,1,nan,nan,nan,nan,,nan,nan,1,,1,nan,,nan,nan,1,nan,1,1,nan,nan,1,nan,1,,2,1,nan,nan
36,1,242705,2,3.0,2410070018,0,2433,0,1,3,2,3,24140702003,0.9,241608076,1,0,0.0,0,0.675,0.0,0.0,0.0,0.0,1.0,0.0,nan,nan,nan,nan,nan,nan,nan,nan,nan,nan,nan,nan,nan,2,1,nan,2,1,nan,2,1,1,nan,nan,1,nan,2,2,1,nan,nan,1,1,nan,1,1,1,2,nan,1,nan,nan,nan,1,nan,1,1,nan,1,1,2,1,1,1,nan,1,1,1,1,1,nan,nan,1,1,1,1,1,1,nan,2,nan,nan,nan,nan,2,nan,nan,nan,nan,nan,nan,2,nan,1,1,nan,1,1,2,nan,1,1,nan,2,1,5,5,0,1,1,1,0,5,5,1,2,0,0,1,5,5,1,0,1,1,1,5,5,2,1,1,1,1,nan,nan,nan,nan,nan,nan,nan,nan,1,nan,1,nan,1,1,1,1,nan,nan,1,nan,nan,nan,nan,nan,nan,nan,nan,nan,nan,nan,nan,nan,nan,nan,nan,nan,nan,nan,nan,nan,nan,2,2,2,nan,1,1,1,1,1,nan,nan,1,1,nan,1,1,2,nan,1,1,nan,nan,1,nan,1,nan,nan,1,nan,,1,1,nan,1,nan,1,1,1,nan,nan,2,,1,1,1,1,nan,1,1,1,nan,1,nan,,2,1,2,1,1,2,nan,1,1,1,1,1,nan,nan,1,2,1,1,1,2,nan,,1,2,nan,,nan,,1,1,1,2,nan,1,nan,1,,nan,1,1,1,,1,1,1,1,1,nan,nan,1,,2,nan,,1,nan,1,,,nan,nan,nan,1,1,1,,nan,nan,nan,nan,1,2,nan,1,1,1,nan,1,,nan,nan,1,nan,1,nan,2,nan,nan,1,1,nan,1,nan,nan,nan,nan,1,1,nan,1,nan,nan,,nan,1,,,nan,2,1,,1,1,nan,nan,nan,1,,1,1,1,,nan
37,0,240712,1,3.0,2408020001,0,2422,0,2,3,2,5,24250601346,0.8,241007052,0,0,0.5,0,0.0,0.0,0.0,0.45,0.64,0.0,1.0,nan,nan,nan,nan,nan,nan,nan,nan,nan,nan,nan,nan,nan,nan,1,1,2,nan,nan,1,1,2,1,1,2,nan,1,1,nan,1,nan,1,nan,nan,nan,nan,2,1,nan,1,nan,1,nan,nan,1,1,1,nan,1,1,1,1,1,1,nan,1,nan,1,1,1,1,nan,1,1,nan,2,nan,1,nan,1,nan,1,nan,1,1,nan,nan,nan,nan,nan,nan,nan,nan,1,nan,1,1,2,1,nan,1,1,nan,1,1,5,5,0,0,1,1,0,5,5,1,1,0,1,1,5,5,1,0,1,0,1,5,5,1,2,0,1,0,nan,nan,nan,1,nan,nan,1,1,nan,nan,1,1,1,1,nan,2,nan,1,nan,1,nan,nan,nan,nan,nan,nan,nan,nan,nan,nan,nan,nan,nan,nan,nan,nan,nan,nan,nan,nan,nan,2,1,1,nan,1,nan,1,1,2,1,nan,1,1,1,1,1,nan,nan,2,1,2,nan,1,1,1,nan,nan,nan,nan,1,1,2,nan,1,1,nan,1,1,1,nan,1,nan,1,1,1,,nan,1,1,1,1,2,1,nan,nan,1,,1,nan,1,nan,1,1,1,nan,nan,nan,nan,1,1,1,nan,1,2,nan,1,1,2,nan,2,1,nan,2,1,1,1,1,nan,nan,1,nan,1,2,2,1,nan,1,,2,1,1,,nan,1,2,1,nan,1,1,nan,1,,nan,nan,nan,nan,1,1,nan,nan,nan,nan,nan,,1,2,nan,nan,nan,1,,1,1,nan,1,1,nan,1,2,1,nan,,1,1,nan,1,,nan,nan,nan,nan,1,nan,1,,nan,,,nan,nan,1,nan,nan,1,nan,nan,1,nan,nan,nan,1,,1,1,1,nan,
38,0,241711,2,3.0,2401050012,0,2409,0,2,3,2,10,24050405101,1.0,240805038,0,0,0.0,0,0.0,0.0,0.84,0.72,0.0,0.0,0.83,nan,nan,nan,nan,nan,nan,nan,nan,nan,nan,nan,nan,2,nan,2,1,nan,1,nan,nan,nan,1,1,1,1,nan,1,1,1,nan,nan,2,nan,nan,nan,1,1,1,nan,nan,nan,2,nan,2,nan,1,nan,nan,nan,2,1,1,1,2,nan,1,1,1,nan,1,2,nan,1,2,1,1,nan,1,nan,nan,nan,1,nan,1,nan,nan,nan,nan,nan,nan,nan,nan,nan,nan,nan,1,1,2,nan,nan,1,1,nan,0,0,5,5,1,1,2,1,1,5,5,1,1,1,1,2,5,5,0,1,1,1,1,5,5,1,1,1,1,0,nan,nan,nan,nan,nan,nan,2,1,1,nan,2,1,1,nan,1,1,nan,2,1,nan,nan,nan,nan,nan,nan,nan,nan,nan,nan,nan,nan,nan,nan,nan,nan,nan,nan,nan,nan,nan,nan,1,1,nan,nan,1,2,1,1,1,1,nan,nan,2,2,1,1,nan,nan,1,1,1,nan,1,1,1,nan,nan,1,1,1,2,2,nan,1,1,1,1,1,,nan,1,1,1,2,1,1,nan,1,nan,1,1,1,1,nan,,1,1,2,1,1,nan,2,1,1,1,,nan,nan,1,1,1,,nan,nan,nan,1,1,1,nan,1,1,nan,2,1,1,1,1,1,nan,1,,,1,2,1,nan,1,1,1,nan,1,nan,nan,nan,1,1,nan,,2,nan,1,1,nan,nan,nan,1,1,1,nan,nan,nan,nan,nan,nan,nan,nan,,,1,,1,nan,1,nan,1,,nan,1,1,1,nan,2,,1,,nan,1,nan,1,nan,nan,,nan,nan,nan,1,nan,1,1,nan,1,nan,nan,,nan,2,nan,nan,nan,,2,,2,2,1,nan,nan
39,0,241913,2,3.0,2406040004,0,2401,0,1,3,2,3,24071204166,0.8,241209057,0,0,0.0,0,0.0,0.0,0.0,0.77,0.64,0.66,0.44,nan,nan,nan,nan,nan,nan,nan,nan,nan,nan,nan,nan,nan,2,1,2,1,1,nan,2,1,1,1,1,1,nan,1,nan,1,1,nan,1,2,nan,1,2,1,1,nan,nan,nan,1,nan,1,1,nan,1,nan,2,1,1,nan,1,1,nan,2,nan,1,nan,1,1,nan,1,1,1,1,2,1,nan,nan,nan,1,nan,1,1,nan,nan,nan,nan,nan,nan,nan,nan,1,1,1,nan,1,1,nan,2,2,nan,1,1,5,5,0,1,1,1,1,5,5,1,0,0,0,1,5,5,1,1,1,0,1,5,5,0,0,1,1,0,nan,1,nan,nan,nan,nan,1,2,nan,nan,1,nan,nan,1,1,1,nan,1,1,1,nan,nan,nan,nan,nan,nan,nan,nan,nan,nan,nan,nan,nan,nan,nan,nan,nan,nan,nan,nan,nan,1,2,nan,nan,1,2,2,1,1,1,nan,2,1,nan,1,1,1,nan,nan,1,nan,nan,nan,1,1,nan,1,1,1,2,1,2,nan,nan,nan,1,1,1,nan,nan,nan,1,1,nan,1,1,nan,1,1,1,1,1,1,nan,,1,1,1,nan,2,nan,2,1,1,nan,2,nan,nan,1,2,nan,2,1,,nan,1,1,1,nan,1,nan,nan,1,1,1,1,1,1,nan,1,2,1,2,nan,1,nan,nan,1,nan,1,2,nan,nan,1,2,1,nan,1,1,nan,1,nan,nan,nan,nan,nan,nan,1,1,nan,nan,,,1,nan,1,nan,nan,nan,1,nan,1,nan,nan,,1,nan,1,,1,nan,1,1,nan,,2,nan,nan,nan,nan,,nan,nan,,,nan,1,1,,,nan,nan,nan,2,,1,1,nan,nan,1,nan,,nan,nan,,nan,
40,1,242208,2,3.0,2418090003,0,2401,0,1,3,2,3,24300201811,0.9,240109061,0,0,0.0,0,0.075,0.06,0.0,0.0,0.56,0.41,0.0,nan,nan,nan,nan,nan,nan,nan,nan,nan,nan,nan,nan,2,1,1,1,1,1,nan,1,1,1,1,1,1,nan,1,1,nan,1,nan,1,2,nan,1,nan,nan,1,nan,2,nan,nan,1,nan,nan,nan,1,nan,1,nan,nan,nan,1,1,nan,nan,1,1,1,nan,1,nan,nan,1,2,1,1,1,nan,nan,nan,nan,nan,1,1,nan,nan,nan,nan,nan,nan,nan,nan,1,2,1,1,nan,1,nan,2,1,nan,2,0,5,5,1,1,1,2,1,5,5,1,1,1,1,1,5,5,2,1,1,1,1,5,5,1,1,1,0,1,nan,1,nan,nan,1,nan,nan,1,1,nan,1,1,1,1,nan,1,nan,nan,1,nan,nan,nan,nan,nan,nan,nan,nan,nan,nan,nan,nan,nan,nan,nan,nan,nan,nan,nan,nan,nan,nan,2,1,1,nan,1,1,1,1,1,1,nan,nan,1,1,2,nan,1,nan,nan,1,1,nan,nan,1,1,nan,nan,1,nan,2,1,,nan,1,2,1,nan,1,nan,nan,1,1,1,1,1,1,nan,1,1,1,,1,1,nan,1,1,1,1,1,1,,1,,1,nan,2,nan,nan,2,1,1,2,1,,nan,1,1,1,nan,,1,nan,2,1,1,1,1,nan,nan,1,1,nan,nan,2,2,nan,1,1,1,1,1,nan,nan,2,1,2,1,1,nan,,1,nan,nan,nan,nan,nan,nan,1,2,,1,nan,,nan,nan,1,nan,1,2,1,1,1,,nan,1,2,nan,2,1,,nan,2,1,1,nan,1,1,nan,nan,nan,1,nan,,1,,1,1,nan,nan,nan,,,,1,nan,2,nan,,nan,,1,,2,nan,,nan,nan
41,1,240105,2,3.0,2407100003,0,2423,0,1,19,2,3,24300619401,0.8,240602063,1,0,0.425,0,0.625,0.0,0.0,0.0,0.76,0.0,0.0,nan,nan,nan,nan,nan,nan,nan,nan,nan,nan,nan,nan,2,1,nan,nan,nan,1,nan,2,nan,1,1,nan,nan,nan,1,1,2,1,nan,nan,2,nan,1,1,nan,1,1,1,nan,1,1,nan,1,2,1,nan,2,1,1,nan,1,1,nan,2,2,2,1,1,1,nan,nan,1,2,2,1,1,nan,1,nan,1,nan,1,1,nan,nan,nan,nan,nan,nan,nan,nan,2,nan,1,1,1,nan,nan,1,1,nan,0,0,5,5,0,2,1,2,1,5,5,0,0,0,1,1,5,5,0,1,2,1,1,5,5,0,1,0,1,1,nan,1,nan,nan,1,nan,2,1,1,nan,nan,nan,1,1,1,1,nan,1,1,1,nan,nan,nan,nan,nan,nan,nan,nan,nan,nan,nan,nan,nan,nan,nan,nan,nan,nan,nan,1,nan,nan,2,1,nan,nan,1,1,2,2,1,nan,nan,1,nan,1,1,1,nan,1,nan,1,nan,nan,1,1,nan,nan,,1,1,1,1,nan,1,1,2,1,,nan,nan,nan,1,1,nan,1,1,nan,1,1,1,nan,1,1,nan,1,1,1,1,1,2,nan,1,1,1,1,2,nan,,2,1,1,1,nan,nan,nan,2,1,,nan,1,2,nan,,1,1,1,1,1,nan,1,1,2,1,2,1,nan,,2,1,1,nan,nan,nan,2,,,1,1,1,nan,1,nan,nan,nan,nan,2,,1,,,nan,,nan,nan,nan,1,nan,nan,1,2,,2,1,,1,1,nan,2,1,1,nan,1,1,1,nan,1,nan,nan,1,nan,,nan,nan,nan,,nan,nan,,nan,nan,1,nan,,nan,nan,1,1,nan,nan,1,1,,,,nan,nan,nan
42,0,240504,2,3.0,2416110004,0,2426,0,1,3,2,3,24240305603,0.8,240911022,1,0,0.0,0,0.0,0.87,0.88,0.59,0.8,0.0,0.22,nan,nan,nan,nan,nan,nan,nan,nan,nan,nan,nan,nan,nan,nan,1,2,1,1,nan,1,1,nan,1,nan,1,nan,nan,1,nan,nan,nan,nan,1,nan,1,1,nan,1,nan,1,nan,nan,nan,1,1,1,1,nan,nan,1,2,nan,1,2,nan,1,nan,1,nan,2,1,nan,2,1,1,1,2,1,nan,nan,nan,1,nan,1,2,nan,nan,1,nan,nan,nan,nan,nan,1,1,1,1,nan,1,nan,1,2,nan,0,1,5,5,0,1,1,2,1,5,5,2,1,1,1,1,5,5,1,1,1,1,1,5,5,1,1,2,1,1,nan,1,nan,1,nan,nan,1,nan,1,nan,1,nan,nan,nan,2,2,nan,nan,nan,1,nan,nan,nan,nan,nan,nan,nan,nan,nan,nan,nan,nan,nan,nan,nan,1,nan,nan,nan,nan,nan,nan,nan,2,nan,1,2,1,1,1,1,nan,2,1,1,1,1,nan,nan,1,1,1,nan,1,1,nan,nan,nan,,nan,1,2,,nan,1,1,1,2,1,1,nan,1,1,1,1,1,1,nan,nan,nan,,,1,nan,nan,nan,nan,1,1,nan,1,nan,1,1,1,1,nan,nan,nan,1,1,,1,2,nan,nan,1,1,2,nan,nan,1,nan,1,2,1,1,nan,1,nan,1,1,2,2,2,1,nan,1,1,2,1,1,nan,nan,1,1,1,nan,1,nan,nan,2,,nan,nan,,,nan,2,nan,nan,nan,1,,nan,nan,1,nan,nan,,2,1,1,1,,1,nan,nan,1,1,1,nan,nan,1,nan,nan,1,nan,nan,1,nan,nan,nan,nan,nan,nan,1,nan,1,,nan,1,,1,2,nan,1,1,nan,nan,nan,nan,,,nan,nan,nan,
43,0,240712,2,3.0,2407120046,0,2407,0,1,3,2,3,24021012428,0.9,240911026,0,0,0.0,0,0.0,0.18,0.88,0.0,0.76,0.0,0.44,nan,nan,nan,nan,nan,nan,nan,nan,nan,nan,nan,nan,1,1,2,1,nan,nan,nan,1,1,1,1,1,1,nan,1,nan,1,1,nan,nan,nan,nan,1,nan,1,1,1,nan,nan,1,nan,nan,nan,1,1,nan,nan,1,1,nan,nan,1,nan,1,2,1,1,1,1,nan,1,1,nan,1,nan,1,nan,1,nan,1,nan,nan,1,nan,nan,nan,nan,nan,nan,nan,nan,nan,nan,1,1,1,1,nan,1,2,nan,1,1,5,5,1,1,2,2,0,5,5,1,1,1,0,1,5,5,1,1,0,0,1,5,5,1,1,1,1,1,nan,nan,nan,1,nan,nan,1,1,nan,nan,1,1,1,1,1,2,nan,1,1,nan,nan,nan,nan,nan,nan,nan,nan,nan,nan,nan,nan,nan,nan,nan,nan,nan,nan,nan,nan,nan,nan,1,1,nan,nan,1,nan,2,1,2,1,nan,1,1,1,1,1,1,nan,1,1,1,nan,nan,1,1,,1,1,1,1,1,1,nan,,1,1,1,1,1,nan,1,1,1,1,1,1,nan,2,nan,1,1,1,1,nan,1,1,2,1,1,1,nan,2,1,1,1,2,nan,nan,1,1,2,1,1,nan,nan,2,1,1,nan,1,2,nan,1,2,1,1,1,1,nan,1,2,1,2,2,1,nan,1,1,2,2,1,nan,nan,1,1,2,nan,2,1,nan,1,1,nan,nan,nan,nan,nan,1,nan,nan,1,nan,nan,nan,,1,nan,nan,1,1,2,1,1,nan,1,1,nan,nan,1,nan,nan,2,,nan,,1,nan,nan,nan,nan,nan,,,,nan,1,1,nan,1,nan,,nan,nan,2,nan,,nan,nan,nan,1,nan,nan,2,nan,1,nan,nan
44,1,242501,2,3.0,2421070007,0,2404,0,1,3,3,3,24221504235,0.9,242103090,0,0,0.775,1,0.0,0.81,0.46,0.81,0.0,0.66,0.83,nan,nan,nan,nan,nan,nan,nan,nan,nan,nan,nan,nan,1,nan,1,1,1,1,nan,1,1,1,nan,nan,1,nan,2,1,1,1,nan,nan,1,nan,1,1,nan,2,2,2,nan,1,1,nan,2,1,1,nan,2,nan,1,1,2,1,nan,1,1,1,1,1,2,nan,1,1,1,1,nan,2,nan,nan,nan,2,nan,2,1,nan,nan,nan,nan,2,nan,nan,nan,nan,1,nan,1,1,nan,nan,2,2,nan,1,1,5,5,0,1,2,0,1,5,5,1,1,1,0,1,5,5,2,1,1,0,0,5,5,0,1,0,2,1,nan,2,nan,1,nan,nan,1,1,nan,nan,1,1,1,1,1,1,nan,1,1,1,nan,nan,nan,nan,nan,nan,nan,nan,nan,nan,nan,nan,nan,nan,nan,nan,nan,nan,nan,nan,nan,1,2,2,nan,1,1,1,1,1,1,nan,1,2,1,nan,1,1,nan,nan,2,2,nan,nan,1,1,nan,nan,1,1,1,1,2,nan,1,1,2,2,1,,nan,1,1,1,nan,1,nan,nan,nan,2,1,nan,,1,nan,1,2,1,1,1,1,nan,1,2,1,1,1,nan,nan,2,1,1,1,1,1,nan,1,2,nan,,nan,1,nan,1,1,1,,1,2,nan,1,2,nan,,1,1,nan,1,1,1,2,1,nan,nan,1,2,1,2,2,1,nan,1,1,nan,nan,nan,nan,nan,,2,nan,nan,nan,,,nan,2,nan,nan,1,1,2,1,2,nan,1,2,nan,1,2,1,nan,1,1,,nan,1,,nan,nan,nan,nan,nan,,1,,1,nan,1,1,,,nan,,1,nan,1,1,nan,nan,1,1,1,2,1,1,nan,nan
45,1,242903,2,3.0,2406010016,0,2416,0,1,19,2,5,24071201504,0.8,242804100,1,0,0.9,0,0.65,0.68,0.0,0.0,0.6,0.0,0.94,nan,nan,nan,nan,nan,nan,nan,nan,nan,nan,nan,nan,2,nan,nan,1,1,2,nan,nan,nan,1,nan,nan,nan,nan,2,1,1,2,nan,1,nan,nan,1,1,1,1,1,1,nan,nan,1,1,nan,2,1,nan,nan,2,1,1,1,1,nan,2,1,1,1,nan,1,nan,1,2,1,1,2,1,nan,nan,nan,1,nan,1,2,nan,nan,nan,nan,1,nan,nan,nan,1,1,1,1,1,1,nan,1,2,nan,1,1,5,5,1,1,0,1,0,5,5,0,2,0,0,1,5,5,2,1,1,1,0,5,5,1,1,1,1,1,nan,1,nan,nan,2,nan,2,1,1,nan,1,1,1,nan,1,1,nan,2,1,1,nan,nan,nan,nan,nan,nan,nan,nan,nan,nan,nan,nan,nan,nan,nan,nan,nan,nan,nan,nan,nan,1,nan,1,nan,nan,1,1,2,2,1,nan,1,2,nan,2,nan,1,nan,nan,1,1,nan,1,nan,1,nan,nan,1,1,1,1,1,nan,1,1,1,1,1,nan,nan,2,1,1,,2,1,nan,2,nan,nan,nan,1,2,nan,2,1,1,1,nan,1,nan,1,1,2,nan,2,nan,nan,2,1,1,,1,,nan,,1,1,nan,1,1,nan,1,1,1,1,1,1,nan,1,1,1,1,nan,1,nan,1,1,1,nan,1,,nan,1,2,,1,1,,nan,2,nan,nan,nan,nan,,nan,1,nan,,nan,nan,nan,nan,nan,1,nan,,nan,1,nan,1,1,nan,nan,1,nan,1,1,1,,2,1,1,nan,1,1,nan,nan,,nan,,nan,1,,nan,1,1,1,nan,1,nan,nan,,nan,nan,,nan,nan,2,,1,1,1,nan,nan,nan
46,1,241307,2,3.0,2402050018,0,2402,0,1,3,3,10,24180103501,0.8,241411131,1,0,0.0,0,0.0,0.87,0.0,0.72,0.88,0.83,0.0,nan,nan,nan,nan,nan,nan,nan,nan,nan,nan,nan,nan,2,nan,2,2,1,2,nan,nan,1,2,1,nan,1,nan,1,1,1,1,nan,nan,nan,nan,1,1,1,2,nan,2,nan,nan,nan,2,nan,nan,1,nan,nan,nan,1,1,1,1,nan,2,1,1,1,nan,nan,nan,1,1,1,1,nan,nan,nan,nan,nan,nan,nan,nan,2,nan,nan,nan,nan,nan,nan,nan,nan,2,nan,1,1,1,nan,nan,1,1,nan,0,2,5,5,0,0,1,1,0,5,5,2,1,0,0,0,5,5,1,1,1,1,1,5,5,2,1,1,1,1,nan,1,nan,nan,nan,nan,nan,1,1,nan,1,1,1,nan,nan,1,nan,2,1,nan,nan,nan,nan,nan,nan,nan,nan,nan,nan,nan,nan,nan,nan,nan,1,nan,nan,nan,nan,nan,nan,nan,nan,1,nan,1,1,1,1,1,2,nan,2,1,1,1,1,1,nan,2,1,1,nan,nan,1,nan,nan,1,1,1,nan,1,1,nan,1,1,1,2,1,nan,nan,nan,1,1,1,1,2,nan,1,1,1,1,1,1,nan,1,1,1,2,,1,nan,1,,1,1,,nan,nan,1,1,nan,1,1,1,,1,2,1,,2,nan,,1,2,2,1,2,nan,nan,1,1,1,1,2,nan,nan,,1,1,2,nan,nan,nan,nan,1,1,nan,nan,1,nan,1,nan,nan,nan,nan,nan,nan,1,,,,nan,nan,nan,nan,,nan,,1,,1,1,1,nan,1,,nan,nan,1,1,,nan,,1,nan,2,nan,,nan,nan,nan,,nan,1,nan,2,1,nan,nan,nan,1,nan,nan,nan,nan,nan,nan,nan,nan,1,2,2,2,1,1,nan,nan
47,1,242215,2,3.0,2406020010,0,2415,0,1,19,2,3,24221508013,0.8,240212108,1,0,0.15,0,0.0,0.43,0.92,0.77,0.72,1.0,0.55,nan,nan,nan,nan,nan,nan,nan,nan,nan,nan,nan,nan,2,2,1,1,1,2,nan,nan,1,1,2,1,1,nan,nan,1,1,1,nan,nan,1,nan,nan,2,1,1,2,2,nan,nan,1,nan,2,1,nan,nan,1,1,2,1,1,1,nan,1,1,1,1,2,1,nan,1,1,nan,nan,1,nan,nan,nan,nan,nan,nan,1,nan,nan,nan,nan,nan,1,nan,1,nan,nan,1,1,1,1,2,nan,1,1,nan,1,0,5,5,0,1,2,1,0,5,5,1,1,1,0,0,5,5,1,1,1,1,1,5,5,1,1,1,1,1,nan,nan,nan,nan,nan,nan,1,1,1,nan,nan,1,nan,nan,2,nan,nan,1,1,1,nan,nan,nan,nan,nan,nan,nan,nan,nan,nan,nan,nan,nan,nan,nan,nan,nan,nan,nan,nan,nan,nan,nan,1,nan,1,1,1,2,1,nan,nan,nan,2,1,1,1,nan,nan,1,nan,1,nan,,,2,nan,nan,nan,1,1,1,1,nan,2,1,1,1,nan,nan,nan,1,,nan,1,1,1,nan,2,1,1,nan,1,1,nan,nan,1,1,1,1,2,nan,2,1,nan,nan,1,nan,nan,2,1,1,2,1,1,nan,,1,1,nan,1,2,nan,1,2,1,1,1,1,nan,1,1,1,1,2,1,nan,1,1,,1,,nan,nan,1,,nan,nan,2,nan,nan,1,nan,nan,nan,nan,1,nan,1,nan,nan,1,nan,nan,nan,nan,1,nan,,1,1,,1,,,1,1,nan,2,2,1,nan,nan,,,nan,1,1,nan,1,nan,1,,nan,nan,nan,1,nan,nan,nan,nan,1,nan,nan,,,1,1,nan,nan,,nan,nan,1,,nan,nan,nan
48,1,240915,2,3.0,2431030005,0,2433,0,2,3,2,4,24070609304,0.8,241603005,1,0,0.0,0,0.0,0.0,0.0,0.54,0.0,0.0,0.0,nan,nan,nan,nan,nan,nan,nan,nan,nan,nan,nan,nan,1,nan,1,1,1,1,nan,1,1,1,1,1,1,nan,nan,1,1,1,nan,1,nan,nan,1,2,1,nan,nan,1,nan,nan,nan,1,nan,1,nan,nan,1,2,1,1,1,1,nan,1,nan,nan,1,1,nan,nan,1,2,1,1,1,1,nan,nan,nan,1,nan,nan,2,nan,nan,nan,nan,1,nan,nan,nan,1,1,nan,1,1,1,nan,1,1,nan,0,1,5,5,0,1,1,1,1,5,5,0,1,0,1,1,5,5,0,1,1,0,0,5,5,1,1,1,2,1,nan,nan,nan,nan,nan,nan,1,1,2,nan,1,nan,1,1,2,nan,nan,1,1,2,nan,nan,nan,nan,nan,nan,nan,nan,nan,nan,nan,nan,nan,nan,nan,nan,nan,nan,nan,nan,nan,1,2,2,nan,1,1,1,1,2,nan,nan,nan,2,1,1,1,2,nan,1,1,1,nan,1,,1,nan,1,1,1,1,2,1,,nan,1,1,1,1,1,nan,1,,1,nan,1,1,nan,2,1,1,1,1,1,nan,1,1,1,1,nan,1,nan,1,nan,1,1,1,nan,nan,1,1,1,1,,1,nan,nan,1,1,nan,1,1,nan,1,,1,2,1,1,nan,1,2,1,nan,1,1,nan,1,1,1,,2,,nan,1,1,1,nan,1,2,nan,1,1,nan,nan,nan,nan,nan,1,nan,nan,nan,nan,,,nan,1,nan,nan,,1,1,nan,nan,nan,nan,1,nan,1,1,2,nan,1,1,1,nan,nan,nan,nan,1,,1,,nan,,nan,1,1,1,nan,nan,2,nan,1,1,,2,nan,nan,nan,,1,1,2,1,1,nan,nan
49,1,240211,1,3.0,2426070004,0,2407,0,2,19,2,10,24250205823,0.8,240704010,0,0,0.0,0,0.0,0.93,0.96,0.0,0.56,0.83,0.83,nan,nan,nan,nan,nan,nan,nan,nan,nan,nan,nan,nan,2,1,1,nan,1,1,nan,1,nan,1,nan,1,1,nan,nan,nan,1,1,nan,nan,1,nan,1,1,1,2,nan,1,nan,nan,nan,1,1,nan,nan,nan,1,1,nan,1,nan,2,nan,1,1,2,1,1,1,nan,1,1,1,1,1,2,nan,nan,nan,1,nan,1,1,nan,nan,nan,nan,1,nan,1,nan,1,nan,1,1,1,1,nan,1,1,nan,1,1,5,5,0,0,1,1,0,5,5,1,1,1,1,0,5,5,1,1,1,1,1,5,5,1,0,0,1,1,nan,nan,nan,nan,1,nan,1,1,1,nan,nan,1,nan,nan,1,2,nan,1,1,1,nan,nan,nan,nan,nan,nan,nan,nan,nan,nan,nan,nan,nan,nan,nan,nan,nan,nan,nan,nan,nan,nan,1,1,nan,2,1,1,1,nan,1,nan,1,nan,1,2,1,nan,nan,1,1,1,nan,nan,1,1,nan,nan,1,1,1,nan,2,nan,1,1,1,1,1,nan,nan,1,1,1,2,,1,nan,1,1,1,nan,1,1,nan,1,1,1,1,1,1,nan,1,nan,1,nan,1,,nan,1,2,1,nan,,1,nan,1,1,1,nan,2,1,nan,1,2,1,2,2,nan,,1,1,1,1,2,1,nan,1,2,1,2,1,nan,nan,1,1,1,nan,1,1,nan,1,nan,nan,nan,nan,nan,nan,1,nan,nan,,1,nan,nan,nan,2,nan,nan,nan,1,1,nan,1,nan,1,1,nan,1,1,nan,nan,1,,nan,nan,2,nan,nan,1,nan,1,1,nan,1,,,2,1,1,nan,1,,nan,2,nan,1,1,nan,nan,,1,1,,2,nan,nan,nan
50,1,242607,1,3.0,2422150034,0,2428,0,1,3,3,3,24070608704,0.9,241307040,1,0,0.0,0,0.0,0.0,0.0,0.59,0.56,0.0,0.0,nan,nan,nan,nan,nan,nan,nan,nan,nan,nan,nan,nan,2,nan,1,1,nan,1,nan,1,1,nan,nan,1,nan,nan,2,2,1,nan,nan,1,1,nan,nan,1,1,nan,2,nan,nan,nan,1,1,1,nan,1,nan,1,1,1,1,2,2,nan,2,nan,1,nan,nan,2,nan,2,nan,1,1,1,1,nan,1,nan,2,nan,1,2,nan,nan,nan,nan,nan,nan,nan,nan,1,1,nan,nan,1,1,nan,nan,1,nan,1,1,5,5,0,1,1,1,0,5,5,1,1,0,2,1,5,5,1,0,0,1,1,5,5,1,1,1,1,1,nan,1,nan,1,nan,nan,nan,1,nan,nan,nan,1,nan,1,1,1,nan,nan,nan,1,1,nan,nan,nan,nan,nan,nan,nan,nan,nan,nan,nan,nan,nan,nan,nan,nan,nan,nan,nan,nan,1,1,2,nan,1,1,1,1,1,1,nan,nan,1,1,1,1,1,nan,nan,1,1,nan,nan,1,1,nan,1,1,1,nan,1,1,nan,1,1,1,1,1,1,nan,nan,2,1,1,1,2,nan,nan,,1,1,nan,1,nan,1,1,2,1,1,1,nan,1,1,2,1,1,nan,nan,1,1,2,nan,1,1,nan,1,nan,1,nan,nan,nan,nan,1,2,1,1,1,1,,2,1,1,,1,1,nan,nan,2,nan,1,1,nan,nan,1,2,1,nan,1,1,nan,1,nan,nan,,nan,nan,nan,1,nan,,nan,nan,nan,,,1,nan,nan,nan,nan,nan,1,,nan,nan,1,nan,1,1,1,nan,1,1,1,nan,nan,1,,nan,nan,1,,,1,nan,,2,,,nan,nan,nan,nan,nan,nan,1,,nan,nan,nan,,nan,1,2,1,nan,nan
